 ,Label,Area,X,Y,Perim.,BX,BY,Width,Height,Major,Minor,Angle,Feret,Median,%Area,FeretX,FeretY,FeretAngle,MinFeret,Mean Diameter,,Bounding Box Area,,Bounding Box Area %,,Bins
132,Image 5.tif (green),100,2243.23,1361.24,55.799,2232,1355,19,11,15.028,8.472,178.19,19.698,255,100,2232,1357,156.038,10.295,,,,,,,
411,Image 5.tif (green),101,2857.995,2695.322,52.385,2847,2690,19,10,16.831,7.641,7.363,20.248,255,100,2847,2697,20.225,10,,,,,,,
421,Image 5.tif (green),101,2136.035,2788.569,40.728,2132,2782,10,13,13.51,9.518,94.803,14.765,255,100,2132,2795,61.699,10,,,,,,,
26,Image 5.tif (green),102,3725.363,847.147,69.456,3710,839,28,12,22.18,5.855,10.65,29.12,255,100,3710,847,15.945,8.891,,,,,,,
185,Image 5.tif (green),102,3440.275,1547.912,46.385,3435,1540,10,17,17.091,7.599,75.755,18.028,255,100,3439,1557,70.56,9.459,,,,,,,
30,Image 5.tif (green),103,3148.374,858.772,61.113,3139,852,18,15,14.009,9.361,176.689,19.313,255,100,3139,859,158.749,14.559,,,,,,,
92,Image 5.tif (green),103,1917.17,1187.209,44.142,1912,1181,11,14,15.648,8.381,60.455,17.205,255,100,1913,1195,54.462,10.539,,,,,,,
205,Image 5.tif (green),104,1897.683,1604.702,46.971,1891,1600,15,10,15.718,8.425,14.509,17.493,255,100,1891,1609,30.964,10,,,,,,,
10,Image 5.tif (green),105,2992.024,762.681,63.456,2984,755,21,14,19.944,6.703,146.811,24.698,255,100,2984,756,148.241,11.28,,,,,,,
151,Image 5.tif (green),105,1145.49,1414.129,50.627,1138,1407,15,15,19.482,6.862,131.534,21.213,255,100,1138,1407,135,9.192,,,,,,,
381,Image 5.tif (green),105,1153.9,2466.757,40.627,1147,2461,13,12,13.501,9.903,153.391,14.318,255,100,1147,2464,155.225,11.371,,,,,,,
347,Image 5.tif (green),107,702.341,2303.659,54.042,698,2292,13,19,16.189,8.416,118.083,19.925,255,100,698,2292,107.526,11.595,,,,,,,
57,Image 5.tif (green),108,3659.417,1018.546,43.314,3655,1011,10,14,13.754,9.998,79.336,15.652,255,100,3656,1011,116.565,10,,,,,,,
28,Image 5.tif (green),109,3081.849,853.28,59.456,3072,847,21,14,22.204,6.25,150.568,24.698,255,100,3072,847,148.241,9.666,,,,,,,
94,Image 5.tif (green),109,1666.041,1194.133,49.556,1658,1188,13,15,15.005,9.249,112.257,17.804,255,100,1659,1188,128.157,12.849,,,,,,,
67,Image 5.tif (green),110,3644.491,1055.727,44.971,3637,1049,14,12,14.617,9.582,22.199,17.029,255,100,3637,1060,40.236,12,,,,,,,
176,Image 5.tif (green),110,1304.545,1508.227,44.385,1298,1501,11,15,15.503,9.034,95.482,15.811,255,100,1301,1501,108.435,10.889,,,,,,,
20,Image 5.tif (green),111,3419.896,815.419,71.456,3410,805,17,21,15.782,8.955,95.236,23.707,255,100,3410,805,117.646,15.421,,,,,,,
175,Image 5.tif (green),112,1214.804,1507.384,44.142,1210,1501,11,14,15.464,9.221,70.935,16.401,255,100,1210,1514,52.431,10.748,,,,,,,
360,Image 5.tif (green),113,2891.73,2349.119,53.213,2881,2345,22,8,22.223,6.474,4.707,22.561,255,100,2881,2351,12.804,8,,,,,,,
107,Image 5.tif (green),115,1525.987,1271.37,71.113,1515,1264,18,19,12.993,11.269,62.963,21.095,255,100,1515,1276,31.43,17.241,,,,,,,
180,Image 5.tif (green),116,1328.078,1539.103,65.556,1316,1529,22,14,19.143,7.715,6.283,24.187,255,100,1317,1541,29.745,12.727,,,,,,,
226,Image 5.tif (green),116,3225,1693.31,59.799,3214,1686,18,16,20.502,7.204,133.464,22.627,255,100,3216,1686,135,10.607,,,,,,,
113,Image 5.tif (green),118,2077.737,1285.746,62.627,2070,1279,23,11,16.527,9.091,173.033,23.195,255,100,2070,1286,172.569,11,,,,,,,
41,Image 5.tif (green),119,3436.34,927.492,57.698,3425,923,20,12,18.272,8.292,162.321,21.19,255,100,3425,926,160.71,11.384,,,,,,,
150,Image 5.tif (green),119,2777.458,1409.878,49.556,2771,1402,15,13,12.714,11.917,81.008,16.553,255,100,2771,1408,154.983,13,,,,,,,
216,Image 5.tif (green),121,2810.574,1658.508,56.385,2804,1652,14,18,13.796,11.167,122.465,20.125,255,100,2806,1652,116.565,13.48,,,,,,,
365,Image 5.tif (green),121,2031.483,2383.583,53.556,2024,2374,16,14,16.531,9.32,159.229,19.799,255,100,2026,2374,135,12.758,,,,,,,
23,Image 5.tif (green),122,3084.09,830.41,66.87,3073,822,20,17,15.885,9.779,15.345,21.541,255,100,3073,835,21.801,15.395,,,,,,,
377,Image 5.tif (green),123,2578.484,2448.817,80.87,2566,2444,27,12,22.973,6.817,7.6,29.155,255,100,2566,2456,22.166,11.226,,,,,,,
183,Image 5.tif (green),124,3475.839,1539.524,51.556,3467,1536,20,9,20.288,7.782,10.389,21.541,255,100,3467,1544,21.801,9,,,,,,,
288,Image 5.tif (green),125,3241.268,2033.044,59.456,3231,2026,19,14,13.74,11.583,143.739,20.248,255,100,3231,2031,159.775,14,,,,,,,
8,Image 5.tif (green),129,2997.453,743.306,56.627,2991,734,16,16,17.434,9.421,137.257,21.932,255,100,2991,734,136.848,13.435,,,,,,,
267,Image 5.tif (green),129,2803.384,1876.911,55.113,2796,1866,14,20,17.859,9.197,83.685,20.881,255,100,2800,1886,73.301,12.815,,,,,,,
253,Image 5.tif (green),130,1136.638,1836.554,57.799,1129,1827,17,15,18.418,8.987,153.916,21.401,255,100,1129,1829,142.595,12.758,,,,,,,
279,Image 5.tif (green),130,2532.169,1984.823,70.87,2525,1971,13,28,25.627,6.459,75.47,29.411,255,100,2525,1999,72.181,8.941,,,,,,,
123,Image 5.tif (green),131,2037.103,1337.218,75.113,2029,1322,14,25,19.784,8.431,108.74,27.313,255,100,2029,1322,113.749,13.411,,,,,,,
43,Image 5.tif (green),133,2095.583,947.959,52.385,2090,941,16,14,13.482,12.56,165.822,18.358,255,100,2090,954,29.358,13.396,,,,,,,
418,Image 5.tif (green),133,2618.214,2751.222,60.87,2612,2741,11,24,20.167,8.397,84.941,24.083,255,100,2619,2765,85.236,10.149,,,,,,,
130,Image 5.tif (green),134,1578.828,1353.56,60.042,1572,1344,13,22,23.343,7.309,64.456,25.554,255,100,1572,1366,59.421,9.803,,,,,,,
212,Image 5.tif (green),135,914.552,1633.722,64.87,905,1629,25,12,21.471,8.005,22.218,27.731,255,100,905,1641,25.641,10.989,,,,,,,
331,Image 5.tif (green),135,3294.744,2239.478,74.87,3282,2231,23,15,19.357,8.88,0.821,23.707,255,100,3282,2242,27.646,14.284,,,,,,,
413,Image 5.tif (green),135,3101.9,2707.804,99.355,3088,2696,26,21,16.1,10.676,175.031,26.476,255,100,3088,2707,169.114,19.104,,,,,,,
55,Image 5.tif (green),137,1745.442,1010.026,62.87,1736,1002,18,17,14.398,12.115,138.904,19.723,255,100,1739,1002,120.466,15.435,,,,,,,
133,Image 5.tif (green),138,1602.297,1370.478,91.698,1593,1359,21,21,18.949,9.273,62.508,25.807,255,100,1593,1380,54.462,16.372,,,,,,,
277,Image 5.tif (green),139,3265.91,1961.723,75.113,3255,1948,23,21,20.974,8.438,137.875,26.42,255,100,3255,1952,150.524,12.842,,,,,,,
90,Image 5.tif (green),140,1937.207,1181.3,57.556,1931,1172,11,21,20.137,8.852,102.05,23.707,255,100,1931,1172,117.646,10.041,,,,,,,
332,Image 5.tif (green),140,3061.021,2239.821,53.456,3052,2235,20,12,17.328,10.287,17.554,20.616,255,100,3052,2241,14.036,12,,,,,,,
389,Image 5.tif (green),141,2277.684,2539.77,74.627,2266,2536,28,10,24.517,7.323,3.452,28.862,255,100,2266,2544,14.036,10,,,,,,,
13,Image 5.tif (green),142,3247.577,771.965,82.527,3231,764,31,14,27.232,6.639,170.342,31.575,255,100,3231,764,169.046,10.976,,,,,,,
221,Image 5.tif (green),143,3275.808,1679.178,107.012,3267,1664,19,28,18.364,9.915,112.528,28.16,255,100,3275,1692,83.884,14.951,,,,,,,
374,Image 5.tif (green),144,1492.007,2438.924,64.627,1481,2433,24,13,23.714,7.732,17.99,25.495,255,100,1482,2446,25.56,10.302,,,,,,,
106,Image 5.tif (green),147,1463.282,1271.439,77.456,1453,1264,20,20,18.981,9.861,45.272,28.284,255,100,1453,1284,45,15.556,,,,,,,
263,Image 5.tif (green),147,3194.031,1857.201,70.627,3185,1849,19,21,23.703,7.896,130.045,27.586,255,100,3185,1849,133.531,12.728,,,,,,,
162,Image 5.tif (green),150,3466.24,1462.407,81.698,3452,1457,29,12,28.103,6.796,171.285,30.676,255,100,3452,1458,160.974,10.961,,,,,,,
76,Image 5.tif (green),152,1756.138,1113.776,57.113,1748,1106,18,17,17.193,11.256,22.621,19.105,255,100,1752,1123,42.879,13.275,,,,,,,
422,Image 5.tif (green),153,2630.827,2791.605,83.698,2621,2786,29,14,19.585,9.947,9.653,30.364,255,100,2621,2800,17.241,14,,,,,,,
14,Image 5.tif (green),158,3211.449,781.025,83.456,3206,769,15,26,22.745,8.845,93.502,26.926,255,100,3208,769,105.068,14.601,,,,,,,
114,Image 5.tif (green),158,1678.316,1302.943,72.284,1671,1292,17,22,23.792,8.455,60.898,26.077,255,100,1671,1314,57.529,13.2,,,,,,,
97,Image 5.tif (green),159,1903.406,1231.374,61.799,1892,1226,20,12,20.02,10.112,11.306,22.825,255,100,1892,1237,28.811,12,,,,,,,
167,Image 5.tif (green),159,1206.456,1485.827,106.527,1199,1474,14,27,20.054,10.095,100.56,28.16,255,100,1202,1474,106.504,14,,,,,,,
344,Image 5.tif (green),159,1175.525,2291.808,78.284,1163,2282,26,17,20.988,9.646,158.803,27.203,255,100,1163,2288,162.897,14.597,,,,,,,
255,Image 5.tif (green),160,628.2,1838.85,64.627,618,1833,20,14,18.547,10.984,172.494,21.024,255,100,619,1843,25.346,13.535,,,,,,,
358,Image 5.tif (green),160,3349.244,2327.981,63.456,3341,2321,19,18,18.479,11.024,7.428,21.213,255,100,3345,2339,45,16.364,,,,,,,
189,Image 5.tif (green),163,1333.212,1557.782,60.385,1326,1550,15,19,19.916,10.421,66.905,22.472,255,100,1329,1569,57.724,13.694,,,,,,,
403,Image 5.tif (green),163,2408.291,2628.132,57.456,2398,2622,19,14,19.529,10.627,173.685,20.616,255,100,2398,2623,157.166,13.91,,,,,,,
83,Image 5.tif (green),164,2115.006,1156.28,58.385,2104,1151,22,11,21.672,9.635,13.701,24.166,255,100,2104,1162,24.444,10.416,,,,,,,
44,Image 5.tif (green),168,3693.387,955.613,50.627,3687,948,14,16,16.59,12.894,119.976,18.868,255,100,3688,948,122.005,14,,,,,,,
356,Image 5.tif (green),169,2676.317,2328.287,71.698,2668,2317,18,22,20.517,10.488,69.902,25.239,255,100,2672,2338,56.31,15.522,,,,,,,
237,Image 5.tif (green),172,3160.023,1742.86,60.385,3153,1735,17,16,16.137,13.571,157.81,21.26,255,100,3154,1735,138.814,16,,,,,,,
75,Image 5.tif (green),175,1641.329,1117.9,85.598,1635,1103,15,31,24.873,8.958,101.966,32.573,255,100,1637,1103,107.879,13.233,,,,,,,
371,Image 5.tif (green),175,409.089,2426.357,63.698,401,2416,15,21,19.631,11.35,101.086,21.587,255,100,406,2437,76.608,14.284,,,,,,,
121,Image 5.tif (green),176,2489.176,1333.284,87.799,2477,1316,17,30,24.556,9.126,78.536,32.696,255,100,2477,1346,66.571,14.327,,,,,,,
363,Image 5.tif (green),176,541.091,2365.705,69.213,530,2357,20,16,21.713,10.321,153.573,23.854,255,100,530,2360,146.976,14.91,,,,,,,
302,Image 5.tif (green),182,1267.769,2122.148,95.113,1256,2104,24,28,24.074,9.626,41.5,34.409,255,100,1260,2132,54.462,15.545,,,,,,,
412,Image 5.tif (green),183,2899.025,2700.74,76.527,2886,2693,27,17,20.053,11.619,153.14,28.16,255,100,2886,2693,163.496,13.984,,,,,,,
1,Image 5.tif (green),188,3584.697,621.787,87.355,3578,606,17,30,20.196,11.852,86.003,30.414,255,100,3578,636,80.538,17,,,,,,,
34,Image 5.tif (green),188,2999.904,881.851,67.456,2988,875,21,14,19.439,12.314,176.8,23.707,255,100,2988,887,27.646,14,,,,,,,
163,Image 5.tif (green),188,1479.543,1468.016,74.527,1466,1460,26,15,18.271,13.101,1.097,27.514,255,100,1466,1475,19.093,15,,,,,,,
161,Image 5.tif (green),189,988.981,1466.373,77.355,979,1455,21,24,21.256,11.321,139.775,26.926,255,100,985,1456,121.329,14.957,,,,,,,
91,Image 5.tif (green),190,1692.868,1186.095,110.184,1674,1176,37,15,28.835,8.39,3.658,37.054,255,100,1674,1189,3.094,14.644,,,,,,,
69,Image 5.tif (green),191,1631.976,1077.673,69.456,1624,1068,17,21,17.98,13.526,122.865,22.023,255,100,1624,1068,140.528,16.719,,,,,,,
330,Image 5.tif (green),192,1263.719,2238,80.527,1250,2231,25,15,23.77,10.285,9.151,27.731,255,100,1250,2246,25.641,13.481,,,,,,,
48,Image 5.tif (green),196,1963.668,981.434,84.87,1948,972,27,20,20.858,11.964,159.879,27.074,255,100,1948,982,175.764,18.931,,,,,,,
229,Image 5.tif (green),196,2789.597,1706.571,65.799,2782,1697,15,22,19.921,12.527,91.778,23.409,255,100,2786,1719,70.017,14.208,,,,,,,
109,Image 5.tif (green),198,1881.182,1271.712,72.87,1866,1265,26,15,24.63,10.235,164.442,26.571,255,100,1866,1271,160.201,13.187,,,,,,,
173,Image 5.tif (green),199,751.354,1505.259,88.042,742,1493,16,29,25.486,9.942,97.161,30.871,255,100,742,1494,114.905,16,,,,,,,
155,Image 5.tif (green),200,1203.18,1430.205,86.87,1195,1417,19,22,18.62,13.676,148.896,26.173,255,100,1196,1417,133.452,18.926,,,,,,,
174,Image 5.tif (green),206,3418.481,1502.063,66.284,3410,1493,17,22,17.073,15.363,55.838,22.204,255,100,3414,1493,97.765,16.62,,,,,,,
140,Image 5.tif (green),210,1705.329,1394.995,106.184,1689,1382,27,27,23.052,11.599,138.39,34.828,255,100,1694,1382,129.174,19.362,,,,,,,
35,Image 5.tif (green),211,3407.41,897.955,92.426,3400,883,18,28,23.675,11.348,73.57,31.765,255,100,3400,911,61.821,17.665,,,,,,,
144,Image 5.tif (green),212,1230.415,1407.184,91.941,1223,1395,20,26,22.395,12.053,65.118,31.401,255,100,1224,1421,52.765,16.807,,,,,,,
45,Image 5.tif (green),214,3259.009,958.678,118.426,3242,951,30,17,22.237,12.253,176.344,31.78,255,100,3243,951,155.854,17,,,,,,,
423,Image 5.tif (green),220,2446.755,2805.164,83.113,2434,2794,26,20,28.11,9.965,32.433,30.61,255,100,2434,2813,38.367,13.396,,,,,,,
17,Image 5.tif (green),221,3297.057,807.776,96.77,3288,788,17,31,25.28,11.131,87.667,32.28,255,100,3289,819,73.811,16.709,,,,,,,
196,Image 5.tif (green),221,3244.124,1581.645,81.113,3235,1570,19,26,22.311,12.612,65.862,26.401,255,100,3243,1596,65.376,18.043,,,,,,,
304,Image 5.tif (green),223,1279.047,2145.966,74.527,1268,2132,20,23,22.359,12.699,48.99,26.926,255,100,1274,2155,58.671,16.263,,,,,,,
120,Image 5.tif (green),224,1502.21,1328.674,86.77,1489,1316,26,21,24.094,11.837,145.949,29,255,100,1494,1316,136.397,16.509,,,,,,,
303,Image 5.tif (green),227,3101.421,2124.945,106.912,3084,2114,35,22,26.838,10.769,33.056,39.357,255,100,3084,2133,27.216,18.251,,,,,,,
323,Image 5.tif (green),227,800.689,2214.958,87.598,792,2202,17,31,27.258,10.603,103.992,31.575,255,100,798,2202,100.954,14.864,,,,,,,
177,Image 5.tif (green),229,3467.985,1519.928,81.941,3459,1509,23,25,22.415,13.008,65.634,26.87,255,100,3463,1534,45,18.263,,,,,,,
139,Image 5.tif (green),230,1586.322,1393.052,78.385,1579,1380,16,24,19.882,14.729,114.658,27.295,255,100,1579,1380,118.443,16,,,,,,,
227,Image 5.tif (green),236,1328.377,1698.864,85.698,1319,1687,25,24,21.566,13.933,151.359,26.833,255,100,1320,1687,116.565,18.229,,,,,,,
383,Image 5.tif (green),237,2605.487,2486.086,72.87,2595,2476,19,21,18.468,16.339,136.197,23.601,255,100,2595,2479,143.616,18.084,,,,,,,
281,Image 5.tif (green),239,1289.805,1999.776,70.87,1282,1989,16,23,22.801,13.346,72.092,26.42,255,100,1285,2012,60.524,15.038,,,,,,,
333,Image 5.tif (green),240,2717.588,2249.883,109.841,2704,2237,24,30,22.994,13.29,81.495,31.016,255,100,2714,2267,69.228,21.92,,,,,,,
337,Image 5.tif (green),242,411.69,2268.942,98.184,400,2258,29,18,24.531,12.561,177.414,29.428,255,100,400,2261,170.218,17.734,,,,,,,
141,Image 5.tif (green),250,2240.508,1403.084,125.255,2228,1384,24,35,28.396,11.209,66.369,40.311,255,100,2232,1419,60.255,20.637,,,,,,,
193,Image 5.tif (green),252,3490.337,1570.147,83.355,3480,1558,22,27,28.229,11.366,48.038,31.401,255,100,3482,1585,52.765,15.146,,,,,,,
382,Image 5.tif (green),253,2643.713,2481.658,103.941,2629,2464,24,33,21.548,14.949,107.227,33.136,255,100,2641,2497,84.806,21.094,,,,,,,
339,Image 5.tif (green),254,2702.189,2278.843,78.87,2693,2266,17,27,25.326,12.77,104.349,27.659,255,100,2701,2266,102.529,15.618,,,,,,,
119,Image 5.tif (green),255,1537.555,1324.335,87.355,1522,1315,29,22,29.572,10.979,148.912,33.302,255,100,1522,1315,138.652,15.8,,,,,,,
115,Image 5.tif (green),262,2230.916,1308.363,120.527,2214,1295,32,23,27.591,12.09,164.017,34.205,255,100,2218,1295,142.125,21.429,,,,,,,
234,Image 5.tif (green),263,651.211,1738.325,105.598,640,1717,25,32,23.453,14.278,116.967,34.54,255,100,650,1717,112.109,23.278,,,,,,,
326,Image 5.tif (green),263,341.53,2234.766,109.012,331,2217,20,36,31.311,10.695,111.632,37.696,255,100,337,2218,111.801,16.977,,,,,,,
5,Image 5.tif (green),264,3380.871,690.826,121.841,3366,670,29,35,33.014,10.182,60.026,41.881,255,100,3372,705,56.689,18.614,,,,,,,
112,Image 5.tif (green),265,2016.175,1279.277,79.113,2005,1270,21,24,20.964,16.095,137.503,25,255,100,2011,1270,106.26,20.22,,,,,,,
129,Image 5.tif (green),275,1538.489,1353.758,78.627,1529,1344,21,23,22.636,15.468,74.287,26.926,255,100,1536,1367,58.671,19.636,,,,,,,
182,Image 5.tif (green),279,3168.625,1543.378,89.113,3151,1535,34,17,25.184,14.106,159.099,36.401,255,100,3151,1535,159.075,16.458,,,,,,,
158,Image 5.tif (green),284,2753.215,1449.225,77.113,2743,1438,20,23,20.863,17.332,66.558,24.698,255,100,2745,1460,58.241,20,,,,,,,
72,Image 5.tif (green),285,3607.598,1092.63,78.042,3594,1082,23,21,25.494,14.233,138.283,29.206,255,100,3594,1084,141.953,18.366,,,,,,,
309,Image 5.tif (green),288,681.75,2166.403,85.012,667,2158,29,17,26.731,13.718,8.912,29.614,255,100,667,2171,11.689,16.556,,,,,,,
194,Image 5.tif (green),290,2957.079,1573.586,119.841,2943,1563,39,23,31.823,11.603,165.33,41.785,255,100,2943,1564,158.962,22.371,,,,,,,
25,Image 5.tif (green),293,3689.07,844.985,97.941,3670,833,31,22,28.462,13.107,170.125,33.106,255,100,3670,840,154.983,21.386,,,,,,,
169,Image 5.tif (green),294,1448.612,1488.473,77.799,1437,1480,22,21,26.067,14.361,140.668,30.414,255,100,1437,1480,136.332,19.137,,,,,,,
146,Image 5.tif (green),296,2206.767,1411.091,100.77,2193,1396,31,27,34.656,10.875,138.065,37.483,255,100,2197,1396,136.081,15.556,,,,,,,
16,Image 5.tif (green),304,3119.25,786.059,110.184,3105,775,24,23,20.416,18.959,150.745,31.145,255,100,3108,775,132.397,22.138,,,,,,,
244,Image 5.tif (green),336,1768.036,1787.143,100.042,1763,1766,11,43,43.825,9.762,87.667,43.417,255,100,1764,1809,82.057,11,,,,,,,
63,Image 5.tif (green),340,3673.491,1052.753,137.841,3665,1032,21,39,29.191,14.83,91.714,39.812,255,100,3665,1071,78.408,21,,,,,,,
86,Image 5.tif (green),344,1771.378,1170.064,103.012,1753,1160,35,22,33.07,13.244,153.27,35.355,255,100,1753,1165,151.26,18.918,,,,,,,
3,Image 5.tif (green),347,3670.411,645.091,104.912,3650,633,35,25,29.588,14.932,165.259,35.903,255,100,3650,643,167.125,19.642,,,,,,,
102,Image 5.tif (green),352,2110.955,1257.111,88.184,2097,1247,29,19,29.964,14.957,166.312,30.017,255,100,2099,1250,150.018,18.239,,,,,,,
278,Image 5.tif (green),354,3229.678,1976.302,98.426,3216,1963,25,29,30.743,14.661,43.531,35.805,255,100,3218,1992,54.09,20.884,,,,,,,
198,Image 5.tif (green),355,3460.999,1589.103,137.598,3440,1574,33,30,30.037,15.048,45.707,43.932,255,100,3440,1603,41.309,23.297,,,,,,,
266,Image 5.tif (green),358,1112.813,1888.74,131.598,1107,1863,14,49,41.595,10.958,91.091,49.254,255,100,1107,1863,95.826,14,,,,,,,
56,Image 5.tif (green),360,1864.775,1022.681,126.184,1855,1004,23,38,33.08,13.856,85.64,39.294,255,100,1862,1042,75.256,21.913,,,,,,,
368,Image 5.tif (green),360,2876.5,2396.711,106.184,2869,2381,22,37,29.324,15.631,84.469,37.483,255,100,2871,2381,99.211,22,,,,,,,
294,Image 5.tif (green),365,1324.958,2079.686,110.77,1309,2067,25,29,26.297,17.673,116.345,31.906,255,100,1315,2068,122.196,24.865,,,,,,,
324,Image 5.tif (green),370,1670.054,2225.257,92.527,1656,2211,24,28,25.408,18.542,110.814,30.414,255,100,1657,2218,136.332,22.34,,,,,,,
149,Image 5.tif (green),377,3446.67,1410.259,92.284,3433,1399,26,23,26.479,18.128,37.963,32.016,255,100,3433,1422,38.66,21.615,,,,,,,
297,Image 5.tif (green),382,3285.615,2091.738,106.669,3268,2080,35,23,32.702,14.873,162.428,35.903,255,100,3268,2083,167.125,19.23,,,,,,,
322,Image 5.tif (green),391,414.996,2211.738,154.912,401,2202,39,22,31.109,16.003,178.584,42.953,255,100,401,2220,24.775,22,,,,,,,
211,Image 5.tif (green),396,1673.351,1643.174,115.012,1664,1628,22,37,29.142,17.302,67.821,37.643,255,100,1665,1665,73.009,22,,,,,,,
154,Image 5.tif (green),404,2165.347,1435.933,139.154,2149,1414,33,38,40.683,12.644,121.151,48.104,255,100,2149,1416,133.315,20.343,,,,,,,
128,Image 5.tif (green),407,2208.09,1353.475,123.497,2189,1338,35,31,24.354,21.278,33.545,36.401,255,100,2189,1355,15.945,26.436,,,,,,,
350,Image 5.tif (green),420,1805.755,2318.312,86.669,1794,2304,26,27,25.095,21.309,56.588,27.893,255,100,1798,2331,75.466,23.191,,,,,,,
138,Image 5.tif (green),423,1543.878,1392.703,131.255,1522,1380,45,25,42.128,12.785,30.323,49.659,255,100,1522,1402,25.017,20.094,,,,,,,
225,Image 5.tif (green),424,3322.245,1685.849,159.397,3293,1675,51,20,46.337,11.651,179.142,51.245,255,100,3293,1690,5.599,17.295,,,,,,,
24,Image 5.tif (green),433,3412.158,838.987,161.397,3393,829,37,28,28.778,19.157,167.18,38.079,255,100,3393,842,13.671,27.699,,,,,,,
15,Image 5.tif (green),445,3401.918,787.576,176.61,3377,773,54,29,46.202,12.263,18.905,56.613,255,100,3377,800,17.475,22.059,,,,,,,
387,Image 5.tif (green),445,1990.767,2539.945,140.711,1974,2515,34,47,35.01,16.184,58.474,49.98,255,100,1989,2562,70.115,26.161,,,,,,,
425,Image 5.tif (green),451,2993.338,2857.855,101.841,2979,2847,29,24,24.657,23.289,6.983,30.017,255,100,2980,2849,150.018,23.72,,,,,,,
68,Image 5.tif (green),464,1700.409,1082.461,113.598,1685,1065,31,30,31.611,18.689,134.331,37.643,255,100,1692,1066,129.611,24.157,,,,,,,
416,Image 5.tif (green),467,2553.254,2716.613,111.941,2537,2701,28,27,25.809,23.039,133.596,38.21,255,100,2537,2702,137.121,26.372,,,,,,,
295,Image 5.tif (green),471,3192.118,2087.98,165.64,3169,2069,41,37,37.109,16.161,44.407,47.508,255,100,3169,2098,30.343,23.009,,,,,,,
220,Image 5.tif (green),475,3012.791,1679.742,131.74,2989,1664,42,29,37.827,15.988,152.804,47.202,255,100,2989,1664,143.616,20.049,,,,,,,
2,Image 5.tif (green),483,3630.506,629.572,115.598,3610,619,38,23,32.062,19.181,178.001,40.853,255,100,3610,627,158.459,23,,,,,,,
408,Image 5.tif (green),486,2846.564,2677.885,137.012,2830,2664,43,29,35.471,17.445,31.578,44.294,255,100,2834,2693,28.301,25.14,,,,,,,
395,Image 5.tif (green),490,3360.965,2581.029,136.326,3348,2565,29,38,32.724,19.065,100.831,39.56,255,100,3353,2566,110.726,28.207,,,,,,,
376,Image 5.tif (green),502,1385.394,2457.948,123.012,1369,2442,32,31,34.945,18.291,133.239,41.869,255,100,1369,2445,139.844,25.562,,,,,,,
27,Image 5.tif (green),544,3617.074,856.849,113.355,3600,840,34,30,26.664,25.976,77.529,34.525,255,100,3600,856,10.008,28.876,,,,,,,
124,Image 5.tif (green),544,3217.724,1355.469,178.711,3203,1325,43,56,46.117,15.019,112.302,58.83,255,100,3215,1325,121.799,29.241,,,,,,,
181,Image 5.tif (green),548,3251.608,1539.024,130.426,3230,1529,48,20,40.025,17.433,7.728,49.244,255,100,3230,1543,12.907,20,,,,,,,
137,Image 5.tif (green),572,3537.159,1399.404,216.953,3521,1374,38,70,49.048,14.849,61.404,76.557,255,100,3521,1444,66.114,27.982,,,,,,,
98,Image 5.tif (green),574,1676.277,1255.505,129.598,1664,1238,33,35,31.17,23.447,137.879,39.115,255,100,1665,1240,122.471,27.875,,,,,,,
104,Image 5.tif (green),587,2345.691,1293.582,191.64,2336,1262,24,60,49.92,14.972,89.226,60.133,255,100,2341,1262,93.814,22.498,,,,,,,
419,Image 5.tif (green),590,2230.317,2765.585,176.711,2203,2748,52,39,47.766,15.727,150.75,57.271,255,100,2203,2749,155.225,27.677,,,,,,,
6,Image 5.tif (green),601,3671.883,716.547,175.296,3646,684,45,52,48.114,15.904,44.144,66.219,255,100,3646,736,51.746,24.583,,,,,,,
308,Image 5.tif (green),610,2726.125,2164.307,185.154,2711,2147,39,44,37.421,20.755,73.369,54.452,255,100,2711,2191,44.256,34.095,,,,,,,
402,Image 5.tif (green),615,950.17,2639.103,148.669,928,2620,35,37,29.756,26.315,124.374,41.231,255,100,928,2629,140.906,33.986,,,,,,,
238,Image 5.tif (green),618,1290.994,1762.411,118.083,1274,1742,32,37,41.118,19.137,51.789,44.204,255,100,1275,1777,52.352,21.356,,,,,,,
366,Image 5.tif (green),626,2820.906,2395.842,154.569,2807,2374,29,41,32.006,24.903,71.479,43.658,255,100,2820,2374,110.095,29,,,,,,,
7,Image 5.tif (green),642,3343.696,746.421,152.225,3322,732,42,32,34.97,23.375,170.062,43.174,255,100,3322,750,166.608,29.896,,,,,,,
307,Image 5.tif (green),652,2988.086,2155.081,129.012,2970,2139,37,35,42.971,19.319,30.249,49.497,255,100,2970,2174,45,23.398,,,,,,,
329,Image 5.tif (green),674,443.556,2250.497,199.054,416,2231,53,39,52.026,16.495,153.232,64.07,255,100,416,2231,145.814,29.689,,,,,,,
401,Image 5.tif (green),683,2163.922,2640.089,160.468,2144,2617,42,43,33.962,25.606,48.951,45.695,255,100,2144,2647,23.199,32.909,,,,,,,
125,Image 5.tif (green),693,1636.159,1347.695,243.782,1611,1330,56,36,35.531,24.834,21.952,59.808,255,100,1611,1338,159.444,36,,,,,,,
254,Image 5.tif (green),714,597.403,1868.499,272.652,579,1828,42,78,47.051,19.321,88.937,78.23,255,100,600,1828,94.399,38.404,,,,,,,
186,Image 5.tif (green),715,1280.857,1564.417,171.296,1260,1541,42,50,49.883,18.25,126.437,54.626,255,100,1266,1541,113.749,24.721,,,,,,,
231,Image 5.tif (green),716,3099.514,1727.07,118.811,3083,1709,35,37,38.621,23.605,136.105,40,255,100,3083,1714,126.87,27.488,,,,,,,
21,Image 5.tif (green),728,3022.977,834.604,212.024,3007,809,41,52,39.902,23.23,53.982,60.877,255,100,3007,854,47.663,41,,,,,,,
191,Image 5.tif (green),736,1543.01,1575.567,139.841,1523,1555,35,37,33.228,28.203,178.801,39.623,255,100,1527,1564,137.045,35,,,,,,,
36,Image 5.tif (green),766,2323.604,913.184,144.912,2303,890,36,47,48.077,20.286,55.34,52.355,255,100,2310,936,61.477,24.703,,,,,,,
296,Image 5.tif (green),781,3082.004,2092.765,215.882,3054,2076,65,35,48.34,20.571,23.454,68.425,255,100,3057,2111,26.94,32.541,,,,,,,
53,Image 5.tif (green),798,3603.667,1015.08,170.811,3584,994,36,46,37.081,27.401,80.584,47.074,255,100,3598,1040,77.735,34.821,,,,,,,
93,Image 5.tif (green),798,1787.93,1216.93,236.853,1770,1184,34,66,53.211,19.095,80.999,66.287,255,100,1785,1250,78.69,33.988,,,,,,,
148,Image 5.tif (green),804,3351.06,1432.03,291.48,3314,1399,75,66,34.283,29.86,165.63,81.154,255,100,3314,1399,157.543,56.008,,,,,,,
127,Image 5.tif (green),855,1735.343,1362.177,180.225,1716,1337,50,48,47.504,22.916,130.077,60,255,100,1727,1337,126.87,29.296,,,,,,,
426,Image 5.tif (green),875,2927.171,2871.354,144.468,2908,2849,40,39,38.812,28.704,146.371,44.822,255,100,2913,2849,141.34,31.602,,,,,,,
200,Image 5.tif (green),924,3005.319,1617.332,232.267,2984,1581,45,75,68.724,17.119,59.693,80.777,255,100,2989,1656,68.199,24.683,,,,,,,
318,Image 5.tif (green),929,3006.806,2202.463,166.326,2970,2187,63,27,60.932,19.412,13.319,67.067,255,100,2970,2212,20.056,25.093,,,,,,,
336,Image 5.tif (green),985,2734.957,2290.437,223.924,2710,2253,39,64,52.527,23.876,70.404,72.471,255,100,2710,2317,62.021,30.096,,,,,,,
351,Image 5.tif (green),990,453.899,2321.314,179.154,429,2306,51,40,43.008,29.308,13.496,51.478,255,100,429,2317,172.185,37.458,,,,,,,
219,Image 5.tif (green),1002,1396.74,1692.564,355.966,1370,1664,59,64,40.021,31.878,77.326,64.777,255,100,1384,1664,98.881,54.016,,,,,,,
171,Image 5.tif (green),1003,3386.401,1509.381,231.196,3362,1484,46,45,39.711,32.159,76.989,51.662,255,100,3370,1525,47.353,43.732,,,,,,,
428,Image 5.tif (green),1054,2448.763,3013.422,201.539,2427,2994,53,43,45.45,29.527,25.168,53.759,255,100,2429,3026,18.435,39.503,,,,,,,
116,Image 5.tif (green),1055,2390.181,1324.014,310.267,2366,1295,53,60,56.361,23.833,122.331,74.411,255,100,2370,1295,131.186,39.368,,,,,,,
46,Image 5.tif (green),1076,2140.532,980.834,293.924,2104,957,64,48,43.716,31.339,169.436,70.264,255,100,2104,976,155.624,47.245,,,,,,,
300,Image 5.tif (green),1079,1233.055,2127.45,243.539,1204,2097,55,65,57.111,24.055,54.104,72.897,255,100,1221,2162,63.083,35.594,,,,,,,
85,Image 5.tif (green),1092,2205.435,1182.027,196.811,2179,1157,46,52,41.635,33.394,131.986,58.181,255,100,2197,1158,118.768,41.342,,,,,,,
78,Image 5.tif (green),1127,2096.985,1130.893,280.51,2069,1110,63,49,44.939,31.931,19.292,63.285,255,100,2069,1126,174.56,48.163,,,,,,,
58,Image 5.tif (green),1149,2659.235,1041.179,204.267,2639,1019,43,51,43.75,33.439,93.725,58.31,255,100,2646,1020,120.964,42.361,,,,,,,
22,Image 5.tif (green),1171,3480.994,859.102,259.581,3460,812,45,74,58.379,25.539,120.246,78.109,255,100,3466,812,108.667,41.87,,,,,,,
4,Image 5.tif (green),1192,3639.699,675.579,229.681,3612,650,60,55,47.749,31.785,151.388,65.795,255,100,3612,657,155.772,44.132,,,,,,,
118,Image 5.tif (green),1209,1762.7,1339.755,226.468,1735,1309,52,60,53.957,28.529,128.702,67.082,255,100,1747,1309,116.565,39.964,,,,,,,
101,Image 5.tif (green),1253,2397.207,1274.881,245.581,2365,1242,61,55,59.636,26.752,142.315,70.831,255,100,2365,1252,149.452,34.361,,,,,,,
142,Image 5.tif (green),1329,2054.64,1410.613,337.137,2005,1388,86,46,66.755,25.349,164.785,92.477,255,100,2005,1397,158.429,39.89,,,,,,,
95,Image 5.tif (green),1364,2159.074,1242.553,319.338,2132,1208,55,70,58.646,29.613,121.304,76.968,255,100,2150,1208,114.567,43.963,,,,,,,
103,Image 5.tif (green),1406,2464.997,1293.302,294.51,2440,1261,55,69,49.023,36.517,65.248,69.893,255,100,2456,1330,56.083,53.67,,,,,,,
18,Image 5.tif (green),1419,3506.224,812.928,233.196,3480,789,52,53,46.328,38.999,44.923,59.405,255,100,3495,789,126.098,50.349,,,,,,,
12,Image 5.tif (green),1440,3687.356,795.667,262.51,3658,758,57,65,48.392,37.888,7.97,69.289,255,100,3686,823,69.734,50.083,,,,,,,
29,Image 5.tif (green),1454,3055.479,891.089,397.48,3029,850,61,85,66.605,27.795,99.114,89.694,255,100,3034,854,120.854,54.49,,,,,,,
273,Image 5.tif (green),1538,2499.43,1964.254,216.167,2474,1934,48,63,49.82,39.306,98.076,65.521,255,100,2499,1934,105.945,47.607,,,,,,,
243,Image 5.tif (green),1555,3152.678,1788.428,234.267,3126,1762,52,56,49.573,39.939,171.387,58.138,255,100,3126,1778,153.435,51.693,,,,,,,
245,Image 5.tif (green),1605,940.99,1793.537,191.296,916,1767,50,55,54.574,37.446,119.117,64.405,255,100,916,1768,126.158,45.481,,,,,,,
384,Image 5.tif (green),1621,2637.559,2523.898,363.907,2601,2491,84,67,63.861,32.319,40.347,97.247,255,100,2601,2544,30.256,54.526,,,,,,,
33,Image 5.tif (green),1654,3702.019,895.874,346.451,3667,865,78,57,64.995,32.402,176.467,79.12,255,100,3671,883,159.274,55.635,,,,,,,
19,Image 5.tif (green),1659,3200.684,827.904,411.179,3155,801,92,60,79.796,26.471,18.977,100.225,255,100,3155,847,24.775,43.119,,,,,,,
80,Image 5.tif (green),1701,1883.879,1153.005,256.368,1849,1122,68,57,62.182,34.83,140.48,72.945,255,100,1853,1139,151.327,48.981,,,,,,,
32,Image 5.tif (green),1702,3241.574,889.622,295.095,3215,862,45,61,53.32,40.643,88.27,64.195,255,100,3225,862,108.153,45,,,,,,,
197,Image 5.tif (green),1704,2250.369,1601.158,324.551,2199,1572,85,58,73.642,29.462,152.904,95.383,255,100,2199,1582,150.479,50.164,,,,,,,
319,Image 5.tif (green),1730,2766.506,2230.346,362.936,2729,2191,77,70,50.747,43.406,163.292,77.647,255,100,2729,2224,172.6,59.114,,,,,,,
66,Image 5.tif (green),1759,2371.205,1069.557,444.635,2317,1046,93,51,73.894,30.309,12.837,96.167,255,100,2317,1078,16.928,44.467,,,,,,,
233,Image 5.tif (green),1831,3208.066,1757.612,400.693,3179,1714,54,98,75.943,30.698,94.971,103.078,255,100,3183,1717,112.834,52.846,,,,,,,
240,Image 5.tif (green),1831,1734.416,1786.777,333.581,1706,1754,54,67,58.312,39.98,111.328,78.549,255,100,1715,1754,121.464,52.211,,,,,,,
249,Image 5.tif (green),2015,752.528,1823.088,345.966,719,1788,62,63,57.612,44.532,115.643,76.381,255,100,728,1791,133.939,55.393,,,,,,,
393,Image 5.tif (green),2035,2303.692,2588.506,284.794,2261,2564,78,61,55.594,46.606,9.232,80.362,255,100,2261,2595,16.631,55.577,,,,,,,
179,Image 5.tif (green),2067,748.726,1584.93,498.049,713,1527,67,109,74.157,35.49,84.369,109.554,255,100,746,1636,84.237,61.237,,,,,,,
386,Image 5.tif (green),2231,3004.44,2527.926,297.238,2970,2499,71,58,59.062,48.095,10.274,76.694,255,100,2970,2545,22.218,57.531,,,,,,,
206,Image 5.tif (green),2236,1320.55,1640.712,255.338,1288,1607,65,67,59.373,47.95,108.255,71.589,255,100,1288,1618,155.225,54.88,,,,,,,
362,Image 5.tif (green),2262,2918.481,2389.375,280.995,2892,2350,58,77,75.528,38.132,68.177,82.298,255,100,2896,2425,62.501,51.4,,,,,,,
429,Image 5.tif (green),2355,2634.801,3037.425,270.267,2594,2998,73,63,70.884,42.301,38.778,78.6,255,100,2601,3061,53.276,53.74,,,,,,,
117,Image 5.tif (green),2396,2100.702,1331.767,505.706,2065,1299,90,71,59.122,51.6,7.677,90.477,255,100,2070,1306,159.963,69.076,,,,,,,
39,Image 5.tif (green),2416,3452.009,970.388,549.505,3410,911,79,104,89.518,34.363,57.298,115.763,255,100,3424,1015,58.782,62.225,,,,,,,
325,Image 5.tif (green),2484,3120.817,2243.001,405.522,3086,2215,82,62,66.697,47.419,7.126,86.539,255,100,3088,2220,157.584,60.358,,,,,,,
11,Image 5.tif (green),2498,3624.715,798.084,333.037,3584,758,70,78,65.576,48.502,117.059,79.925,255,100,3609,760,121.701,62.051,,,,,,,
110,Image 5.tif (green),2616,2517.368,1309.587,324.794,2482,1266,68,86,68.795,48.416,104.312,91.082,255,100,2504,1266,109.231,64.723,,,,,,,
299,Image 5.tif (green),2618,3261.968,2130.165,264.752,3226,2094,76,64,65.689,50.745,146.783,76.531,255,100,3226,2125,173.246,58.923,,,,,,,
50,Image 5.tif (green),2654,3701.764,1015.946,341.037,3665,976,63,87,76.31,44.282,100.256,88.459,255,100,3697,1063,79.579,61.318,,,,,,,
166,Image 5.tif (green),2695,2408.369,1499.049,355.723,2358,1470,90,61,82.45,41.618,159.012,98.005,255,100,2358,1484,151.343,51.321,,,,,,,
152,Image 5.tif (green),2750,1577.16,1447.342,262.267,1547,1409,60,71,66.822,52.399,75.681,73.661,255,100,1551,1475,48.302,59.895,,,,,,,
246,Image 5.tif (green),2864,2661.579,1804.616,275.238,2626,1770,68,74,76.244,47.827,141.403,86.215,255,100,2639,1770,127.933,53.123,,,,,,,
208,Image 5.tif (green),2956,818.943,1658.676,354.451,782,1616,80,76,75.541,49.823,144.495,89.811,255,100,791,1616,142.237,58.647,,,,,,,
321,Image 5.tif (green),2967,3248.816,2236.414,461.563,3209,2196,84,86,69.366,54.46,69.469,94.895,255,100,3209,2247,28.996,71.454,,,,,,,
201,Image 5.tif (green),3010,2463.99,1620.053,321.823,2428,1583,69,78,72.872,52.592,103.678,84.22,255,100,2440,1587,132.594,63.737,,,,,,,
89,Image 5.tif (green),3017,2030.639,1203.231,354.693,1995,1170,74,72,67.962,56.522,116.699,79.057,255,100,2005,1175,124.695,63.984,,,,,,,
105,Image 5.tif (green),3023,3473.569,1307.245,412.735,3442,1262,65,82,68.756,55.98,81.089,91.788,255,100,3456,1344,60.642,64.419,,,,,,,
64,Image 5.tif (green),3054,1806.462,1086.587,368.551,1776,1044,65,80,78.646,49.443,111.928,89,255,100,1792,1044,115.989,65,,,,,,,
340,Image 5.tif (green),3099,2814.618,2305.208,270.551,2771,2269,79,69,79.077,49.898,31.991,83.815,255,100,2771,2317,19.516,57.258,,,,,,,
203,Image 5.tif (green),3131,1482.336,1625.339,412.451,1429,1592,89,65,79.253,50.301,2.153,94.372,255,100,1431,1614,154.25,62.478,,,,,,,
195,Image 5.tif (green),3291,3186.985,1606.515,377.137,3153,1567,68,82,66.941,62.596,79.546,86.006,255,100,3169,1649,66.714,67.815,,,,,,,
100,Image 5.tif (green),3350,2254.854,1280.277,464.291,2206,1240,94,84,88.444,48.227,151.989,99.765,255,100,2208,1260,151.894,62.653,,,,,,,
261,Image 5.tif (green),3386,3232.895,1896.822,431.907,3197,1846,66,91,86.035,50.109,77.854,96.664,255,100,3197,1934,65.556,63.465,,,,,,,
314,Image 5.tif (green),3402,1271.15,2202.928,426.593,1212,2166,104,68,85.427,50.705,14.743,107.838,255,100,1212,2231,24.664,67.673,,,,,,,
320,Image 5.tif (green),3489,2902.254,2230.628,343.137,2857,2196,86,73,72.491,61.282,175.138,86.371,255,100,2857,2231,174.685,73,,,,,,,
315,Image 5.tif (green),3509,525.138,2211.218,483.22,484,2167,87,90,78.615,56.831,122.073,97.005,255,100,485,2180,142.539,81.342,,,,,,,
414,Image 5.tif (green),3549,1851.932,2742.035,309.338,1819,2699,84,72,76.284,59.236,131.957,100.125,255,100,1820,2708,145.993,72,,,,,,,
47,Image 5.tif (green),3562,3109.537,1005.792,508.191,3069,962,81,94,80.836,56.105,71.819,102.956,255,100,3090,1056,65.925,80.57,,,,,,,
204,Image 5.tif (green),3607,1593.68,1633.737,435.421,1544,1597,112,66,93.701,49.013,170.981,112.285,255,100,1544,1649,175.914,61.981,,,,,,,
99,Image 5.tif (green),3639,1969.476,1293.493,536.049,1926,1239,92,109,92.135,50.288,124.411,114.403,255,100,1926,1264,143.531,68.264,,,,,,,
251,Image 5.tif (green),3666,1291.139,1880.116,570.534,1258,1806,60,148,131.742,35.431,96.574,148.03,255,100,1299,1806,91.161,55.402,,,,,,,
54,Image 5.tif (green),3723,3350.556,1033.346,434.108,3314,996,75,87,80.545,58.852,65.827,94.303,255,100,3329,1082,55.804,73.221,,,,,,,
378,Image 5.tif (green),3772,3324.467,2485.003,297.522,3280,2447,91,72,84.194,57.043,17.135,91.662,255,100,3280,2491,6.892,62.892,,,,,,,
380,Image 5.tif (green),3832,2894.822,2503.922,417.806,2856,2460,80,85,75.006,65.049,119.974,93.509,255,100,2863,2466,138.468,78.435,,,,,,,
258,Image 5.tif (green),3893,679.726,1875.847,300.794,634,1840,86,72,79.377,62.445,8.632,88.023,255,100,634,1891,21.318,69.444,,,,,,,
306,Image 5.tif (green),3969,3384.388,2176.183,307.723,3338,2137,83,76,73.571,68.689,25.12,84.06,255,100,3345,2198,32.367,73.564,,,,,,,
396,Image 5.tif (green),3975,3296.406,2622.419,402.936,3263,2567,68,102,89.76,56.385,78.342,102.46,255,100,3270,2664,71.211,67.868,,,,,,,
184,Image 5.tif (green),4013,3536.985,1604.44,661.345,3472,1537,114,119,111.563,45.799,41.19,148.822,255,100,3488,1650,48.814,67.673,78.681,,13566,,0.295813062,,0.2
65,Image 5.tif (green),4022,3417.319,1086.501,291.622,3381,1044,73,89,85.303,60.033,60.177,95.708,255,100,3403,1133,63.97,61.853,72.668,,6497,,0.619054948,,0.3
210,Image 5.tif (green),4072,3413.369,1670.431,466.191,3372,1623,88,99,85.311,60.773,51.61,102.357,255,100,3392,1722,75.285,69.913,73.042,,8712,,0.467401286,,0.4
159,Image 5.tif (green),4154,3100.676,1491.045,352.35,3066,1441,70,95,93.279,56.701,108.536,99.328,255,100,3089,1441,106.975,62.067,74.99,,6650,,0.624661654,,0.5
134,Image 5.tif (green),4177,2343.056,1394.954,555.706,2288,1359,109,85,93.37,56.96,153.896,118.186,255,100,2289,1369,156.038,78.302,75.165,,9265,,0.450836481,,0.6
71,Image 5.tif (green),4190,2628.599,1117.396,307.865,2594,1075,68,92,85.296,62.546,93.674,92.266,255,100,2623,1167,85.649,66.996,73.921,,6256,,0.669757033,,0.7
348,Image 5.tif (green),4194,3133.78,2337.548,307.48,3090,2299,85,79,84.201,63.419,45.774,94.34,255,100,3090,2354,32.005,70.328,73.81,,6715,,0.624571854,,0.8
398,Image 5.tif (green),4198,2934,2621.425,313.137,2898,2577,69,89,86.238,61.98,84.246,92.655,255,100,2919,2578,108.239,65.388,74.109,,6141,,0.683602019,,
397,Image 5.tif (green),4284,2572.507,2617.895,355.037,2530,2572,79,83,79.273,68.807,61.137,89.828,255,100,2533,2641,43.647,78.716,74.04,,6557,,0.653347567,,
52,Image 5.tif (green),4362,2070.185,1028.964,506.191,2000,990,117,85,92.404,60.104,149.233,121.84,255,100,2000,1005,163.796,75.66,76.254,,9945,,0.438612368,,
262,Image 5.tif (green),4402,3152.324,1902.888,419.421,3108,1848,81,106,89.052,62.938,97.516,106.231,255,100,3144,1954,86.222,77.106,75.995,,8586,,0.512695085,,
224,Image 5.tif (green),4511,1881.274,1709.283,400.066,1831,1673,97,77,101.097,56.812,163.072,110.136,255,100,1835,1683,147.609,74.877,78.9545,,7469,,0.603963047,,
160,Image 5.tif (green),4591,2274.748,1500.317,578.191,2226,1443,101,95,84.342,69.306,156.01,110.535,255,100,2240,1451,138.668,89.438,76.824,,9595,,0.478478374,,
228,Image 5.tif (green),4700,3474.299,1743.664,563.362,3426,1692,92,104,97.128,61.612,57.205,115.421,255,100,3426,1769,37.962,78.644,79.37,,9568,,0.491220736,,
269,Image 5.tif (green),4710,2941.653,1935.683,363.078,2898,1892,82,92,85.463,70.17,50.066,98.737,255,100,2916,1974,56.149,76.608,77.8165,,7544,,0.624337222,,
38,Image 5.tif (green),4729,3176.545,949.973,377.321,3126,909,101,87,84.614,71.16,144.681,101.597,255,100,3126,937,173.784,77.346,77.887,,8787,,0.538181404,,
430,Image 5.tif (green),4855,2853.691,3039.58,368.894,2788,3008,131,54,121.088,51.05,1.596,131.187,255,100,2788,3055,176.941,54,86.069,,7074,,0.686316087,,
42,Image 5.tif (green),4863,2364.835,982.331,486.492,2315,936,94,90,91.205,67.888,122.269,118.258,255,100,2324,938,131.915,82.563,79.5465,,8460,,0.574822695,,
342,Image 5.tif (green),4896,3383.885,2323.741,440.007,3342,2275,80,106,98.769,63.115,102.962,110.136,255,100,3350,2278,110.739,78.625,80.942,,8480,,0.577358491,,
145,Image 5.tif (green),4995,3565.53,1450.07,446.35,3512,1395,97,101,96.904,65.63,59.404,112.712,255,100,3529,1495,62.526,75.239,81.267,,9797,,0.509849954,,
399,Image 5.tif (green),5077,1832.12,2647.678,378.208,1789,2606,93,84,84.153,76.815,177.431,94.048,255,100,1789,2636,171.439,81.243,80.484,,7812,,0.649897593,,
199,Image 5.tif (green),5078,3072.253,1633.558,457.078,3034,1579,75,120,96.112,67.27,93.632,120.934,255,100,3055,1699,82.875,73.045,81.691,,9000,,0.564222222,,
187,Image 5.tif (green),5081,3341.675,1583.055,556.09,3268,1541,134,80,112.212,57.653,170.743,134.302,255,100,3268,1591,176.158,77.123,84.9325,,10720,,0.473973881,,
364,Image 5.tif (green),5084,2723.287,2404.147,334.007,2678,2359,90,94,107.455,60.24,49.041,114.691,255,100,2686,2452,47.827,66.6,83.8475,,8460,,0.600945626,,
390,Image 5.tif (green),5107,2707.195,2593.854,491.019,2662,2541,101,103,91.769,70.857,125.596,110.114,255,100,2668,2551,140.528,94.215,81.313,,10403,,0.490916082,,
272,Image 5.tif (green),5117,577.332,1973.864,386.392,531,1928,83,107,91.669,71.073,106.684,108.812,255,100,565,1931,107.103,82.864,81.371,,8881,,0.576173854,,
410,Image 5.tif (green),5147,2652.139,2732.58,864.257,2572,2678,176,108,109.739,59.718,148.294,187.968,255,100,2572,2705,159.444,98.518,84.7285,,19008,,0.270780724,,
40,Image 5.tif (green),5247,2247.448,962.925,441.907,2195,917,97,100,98.889,67.557,126.479,113.534,255,100,2195,942,148.69,84.789,83.223,,9700,,0.540927835,,
355,Image 5.tif (green),5262,2580.609,2367.174,469.019,2534,2317,102,106,92.906,72.114,45.022,110,255,100,2537,2390,36.87,89.233,82.51,,10812,,0.486681465,,
248,Image 5.tif (green),5274,2758.897,1819.971,359.622,2713,1777,93,87,86.588,77.552,18.936,97.591,255,100,2722,1794,135.83,85.418,82.07,,8091,,0.651835373,,
292,Image 5.tif (green),5293,1821.08,2090.05,407.22,1773,2042,98,91,86.362,78.035,145.106,104.235,255,100,1773,2061,151.96,85.736,82.1985,,8918,,0.593518726,,
327,Image 5.tif (green),5353,1740.617,2267.892,345.865,1695,2222,92,92,94.519,72.109,135.802,98.087,255,100,1696,2256,156.571,82.287,83.314,,8464,,0.632443289,,
60,Image 5.tif (green),5376,1966.11,1079.654,795.245,1904,1026,132,104,104.441,65.539,163.959,139.646,255,100,1906,1065,158.58,88.443,84.99,,13728,,0.391608392,,
207,Image 5.tif (green),5521,1986.121,1665.457,588.475,1931,1614,105,95,89.326,78.695,146.416,112.614,255,100,1940,1629,142.214,94.391,84.0105,,9975,,0.553483709,,
122,Image 5.tif (green),5537,2830.23,1364.552,429.563,2778,1319,99,98,92.285,76.393,27.181,116.846,255,100,2787,1416,41.878,87.739,84.339,,9702,,0.570707071,,
349,Image 5.tif (green),5579,1963.326,2336.687,348.208,1911,2300,104,73,105.1,67.587,178.081,107.838,255,100,1912,2324,161.061,72.41,86.3435,,7592,,0.734852476,,
49,Image 5.tif (green),5649,3510.681,1042.139,526.919,3470,976,84,122,109.353,65.773,75.668,123.968,255,100,3497,1098,72.15,83.424,87.563,,10248,,0.551229508,,
392,Image 5.tif (green),5652,2833.614,2597.734,367.664,2780,2549,100,92,95.431,75.409,20.818,107.331,255,100,2784,2622,26.565,81.337,85.42,,9200,,0.614347826,,
9,Image 5.tif (green),5800,2981.598,813.522,755.245,2913,747,167,124,133.582,55.283,26.741,168.576,255,100,2913,840,7.842,91.04,94.4325,,20708,,0.280084991,,
291,Image 5.tif (green),5898,439.33,2099.545,405.664,404,2039,78,121,118.548,63.346,99.803,121.598,255,100,430,2158,78.136,71.067,90.947,,9438,,0.624920534,,
264,Image 5.tif (green),5901,2722.409,1921.082,372.593,2682,1860,82,116,105.452,71.249,91.132,119.817,255,100,2706,1860,104.5,78.48,88.3505,,9512,,0.620374264,,
188,Image 5.tif (green),5941,2357.752,1594.499,518.919,2301,1549,119,93,104.785,72.189,156.553,119.038,255,100,2301,1604,178.556,82.031,88.487,,11067,,0.53682118,,
168,Image 5.tif (green),6026,2134.939,1534.512,590.09,2090,1479,94,109,97.977,78.31,96.289,125.936,255,100,2099,1479,122.681,92.179,88.1435,,10246,,0.588131954,,
157,Image 5.tif (green),6061,1098.533,1466.084,406.35,1040,1428,120,78,113.047,68.265,171.455,121.342,255,100,1040,1445,171.469,73.713,90.656,,9360,,0.647542735,,
82,Image 5.tif (green),6064,3453.356,1189.041,406.25,3410,1135,90,101,96.038,80.395,65.559,111.036,255,100,3416,1233,46.095,83.525,88.2165,,9090,,0.667106711,,
70,Image 5.tif (green),6070,2727.843,1116.065,425.765,2678,1068,114,94,104.42,74.014,154.543,120.93,255,100,2692,1070,145.784,79.351,89.217,,10716,,0.566442703,,
96,Image 5.tif (green),6079,3165.615,1274.374,404.35,3122,1224,95,94,98.823,78.322,141.652,112.201,255,100,3126,1236,143.334,82.73,88.5725,,8930,,0.680739082,,
81,Image 5.tif (green),6100,2304.622,1188.491,642.475,2249,1129,102,114,98.152,79.13,60.933,115.918,255,100,2303,1243,79.563,98.907,88.641,,11628,,0.524595803,,
88,Image 5.tif (green),6114,2574.281,1213.801,435.179,2530,1165,92,97,90.702,85.826,152.076,101.514,255,100,2537,1178,145.84,91.625,88.264,,8924,,0.685118781,,
310,Image 5.tif (green),6128,2294.246,2206.912,397.078,2232,2158,122,95,103.118,75.665,11.787,123.794,255,100,2232,2224,9.767,83.071,89.3915,,11590,,0.528731665,,
223,Image 5.tif (green),6268,2463.772,1715.338,464.735,2406,1668,114,91,97.425,81.916,161.809,114.856,255,100,2406,1727,7.001,86.188,89.6705,,10374,,0.604202815,,
275,Image 5.tif (green),6341,683.2,1993.85,455.078,636,1939,98,109,105.479,76.543,110.528,118.072,255,100,650,1942,117.216,94.547,91.011,,10682,,0.593615428,,
222,Image 5.tif (green),6519,1228.383,1726.836,512.049,1182,1667,98,119,104.248,79.62,61.532,122.723,255,100,1213,1786,75.851,90.974,91.934,,11662,,0.558995027,,
287,Image 5.tif (green),6536,541.633,2079.509,390.007,493,2022,90,117,122.326,68.031,115.783,132.925,255,100,501,2026,121.777,81.084,95.1785,,10530,,0.620702754,,
276,Image 5.tif (green),6537,3147.488,2003.647,515.948,3098,1948,111,108,100.483,82.831,159.258,134.034,255,100,3098,1948,144.413,94.611,91.657,,11988,,0.545295295,,
406,Image 5.tif (green),6559,2754.43,2691.341,376.978,2713,2636,93,110,102.849,81.199,55.053,113.886,255,100,2730,2745,73.156,85.041,92.024,,10230,,0.64115347,,
379,Image 5.tif (green),6567,2771.442,2495.868,438.676,2708,2449,126,99,124.422,67.202,25.238,130,255,100,2708,2500,14.25,72.859,95.812,,12474,,0.526455026,,
370,Image 5.tif (green),6610,2293.65,2465.062,413.279,2247,2406,92,110,104.699,80.384,77.035,111.611,255,100,2268,2515,77.583,86.024,92.5415,,10120,,0.653162055,,
293,Image 5.tif (green),6619,650.464,2100.547,428.149,605,2049,100,104,94.324,89.347,120.616,108.688,255,100,607,2130,25.622,92.064,91.8355,,10400,,0.636442308,,
391,Image 5.tif (green),6619,1930.203,2593.804,343.037,1881,2543,96,98,102.368,82.327,46.416,106.963,255,100,1895,2636,48.411,89.162,92.3475,,9408,,0.70355017,,
37,Image 5.tif (green),6698,3629.206,955.729,617.404,3569,892,110,154,101.089,84.363,80.602,154.263,255,100,3623,892,93.345,101.459,92.726,,16940,,0.395395514,,
400,Image 5.tif (green),6794,2484.232,2716.989,728.316,2414,2614,116,180,135.057,64.05,77.149,183.861,255,100,2459,2794,76.795,91.675,99.5535,,20880,,0.325383142,,
328,Image 5.tif (green),6812,972.019,2278.609,550.718,923,2224,109,109,101.933,85.089,130.571,116.846,255,100,947,2228,131.878,94.875,93.511,,11881,,0.573352411,,
341,Image 5.tif (green),6828,2077.679,2317.356,347.279,2032,2270,104,93,98.717,88.067,28.322,109.932,255,100,2034,2342,21.898,93,93.392,,9672,,0.705955335,,
62,Image 5.tif (green),6846,2229.766,1079.359,642.818,2169,1029,127,103,109.917,79.302,5.066,128.133,255,100,2169,1067,172.376,95.83,94.6095,,13081,,0.523354484,,
131,Image 5.tif (green),6922,1887.5,1405.801,605.647,1839,1351,106,111,98.204,89.746,75.795,119.202,255,100,1860,1461,52.842,99.399,93.975,,11766,,0.588305286,,
280,Image 5.tif (green),6955,2645.43,2030.06,506.576,2580,1982,122,100,106.874,82.858,149.6,125.399,255,100,2580,2019,166.629,92.986,94.866,,12200,,0.570081967,,
178,Image 5.tif (green),6967,1058.947,1554.495,445.463,997,1512,134,84,127.106,69.79,169.372,135.484,255,100,997,1539,171.511,78.956,98.448,,11256,,0.618958778,,
367,Image 5.tif (green),6991,3014.172,2421.289,434.049,2955,2377,116,85,113.63,78.335,15.58,127.094,255,100,2957,2451,31.814,83.388,95.9825,,9860,,0.709026369,,
335,Image 5.tif (green),6993,3009.626,2296.324,479.706,2952,2248,122,100,116.198,76.626,151.839,126.846,255,100,2956,2268,157.276,93.798,96.412,,12200,,0.573196721,,
345,Image 5.tif (green),7015,2467.603,2337.097,465.362,2424,2282,100,108,108.834,82.068,121.105,117.801,255,100,2430,2293,142.936,95.253,95.451,,10800,,0.649537037,,
270,Image 5.tif (green),7027,2229.701,1958.421,403.078,2186,1893,88,120,109.038,82.054,102.52,125,255,100,2218,1893,106.26,87.506,95.546,,10560,,0.665435606,,
165,Image 5.tif (green),7054,3006.798,1515.717,500.777,2955,1466,105,102,100.481,89.384,129.007,115.884,255,100,2967,1470,129.046,95.424,94.9325,,10710,,0.658636788,,
252,Image 5.tif (green),7086,910.101,1877.835,460.735,855,1825,113,102,96.052,93.93,7.348,114.586,255,100,855,1879,170.455,98.903,94.991,,11526,,0.614783967,,
417,Image 5.tif (green),7123,2820.768,2777.697,388.794,2771,2725,96,104,111.81,81.113,48.015,117.004,255,100,2792,2827,52.64,89.365,96.4615,,9984,,0.713441506,,
172,Image 5.tif (green),7128,1419.867,1540.755,588.919,1363,1492,128,109,118.467,76.609,4.234,129.553,255,100,1363,1536,171.119,97.315,97.538,,13952,,0.510894495,,
73,Image 5.tif (green),7378,3570.495,1156.2,513.747,3526,1095,91,131,127.281,73.805,66.88,141.905,255,100,3528,1226,60.906,86.501,100.543,,11921,,0.61890781,,
218,Image 5.tif (green),7393,951.616,1712.921,589.848,887,1662,140,100,128.725,73.126,152.631,143.391,255,100,887,1699,167.515,84.097,100.9255,,14000,,0.528071429,,
284,Image 5.tif (green),7567,2946.353,2074.942,537.404,2888,2009,117,125,101.144,95.256,35.766,126.289,255,100,2942,2134,81.806,106.22,98.2,,14625,,0.517401709,,
385,Image 5.tif (green),7568,2198.375,2555.152,403.765,2147,2498,100,114,116.675,82.587,61.903,119.549,255,100,2189,2612,72.474,88.101,99.631,,11400,,0.663859649,,
285,Image 5.tif (green),7657,1202.646,2067.007,724.032,1131,2013,164,105,150.65,64.714,20.289,171.54,255,100,1142,2118,29.703,92.768,107.682,,17220,,0.444657375,,
232,Image 5.tif (green),7746,3310.898,1772.492,873.37,3267,1710,107,141,117.474,83.955,67.153,141.174,255,100,3325,1710,92.842,107,100.7145,,15087,,0.513422152,,
217,Image 5.tif (green),7801,740.136,1719.73,665.688,670,1654,147,118,106.762,93.035,7.905,147.085,255,100,670,1722,1.948,112.252,99.8985,,17346,,0.449729044,,
372,Image 5.tif (green),7874,3125.543,2481.214,504.919,3070,2425,124,114,116.701,85.908,33.547,128.062,255,100,3070,2501,14.47,98.182,101.3045,,14136,,0.557017544,,
274,Image 5.tif (green),7944,3033.91,1996.081,477.12,2983,1934,101,126,111.256,90.913,90.763,130.74,255,100,3012,1934,111.069,100.883,101.0845,,12726,,0.624233852,,
427,Image 5.tif (green),7954,2545.307,2976.163,526.291,2487,2918,121,118,127.187,79.625,42.279,139.014,255,100,2497,3030,52.306,92.1,103.406,,14278,,0.557080824,,
359,Image 5.tif (green),7982,1848.405,2376.727,473.404,1793,2324,113,114,113.465,89.57,50.594,119.808,255,100,1825,2434,52.461,94.672,101.5175,,12882,,0.619624282,,
108,Image 5.tif (green),8134,3376.657,1335.71,502.676,3325,1264,99,134,129.199,80.16,91.323,135.204,255,100,3371,1398,82.349,95.318,104.6795,,13266,,0.613146389,,
316,Image 5.tif (green),8138,637.805,2238.627,545.304,585,2172,103,131,123.294,84.04,115.116,135.68,255,100,615,2174,109.37,92.436,103.667,,13493,,0.603127548,,
311,Image 5.tif (green),8177,2416.403,2215.051,422.149,2354,2158,111,113,104.755,99.387,53.821,116.387,255,100,2354,2217,17.501,102.4,102.071,,12543,,0.651917404,,
305,Image 5.tif (green),8212,2629.54,2192.78,536.877,2580,2135,99,134,127.853,81.78,91.187,140.769,255,100,2590,2139,112.557,98.36,104.8165,,13266,,0.619026082,,
239,Image 5.tif (green),8213,1860.597,1808.862,584.86,1792,1751,134,112,133.989,78.045,155.488,140.631,255,100,1796,1772,156.534,92.539,106.017,,15008,,0.547241471,,
415,Image 5.tif (green),8410,2957.049,2766.402,491.262,2897,2700,108,135,130.344,82.151,71.984,137.084,255,100,2931,2832,66.801,99.368,106.2475,,14580,,0.576817558,,
354,Image 5.tif (green),8424,1707.54,2368.248,424.877,1650,2316,124,104,121.159,88.526,20.119,127.224,255,100,1655,2409,20.714,94.792,104.8425,,12896,,0.653225806,,
241,Image 5.tif (green),8510,2190.057,1802.814,495.546,2121,1754,132,110,117.895,91.906,156.04,134.733,255,100,2121,1792,168.44,106.143,104.9005,,14520,,0.586088154,,
268,Image 5.tif (green),8566,2828.353,1969.733,809.813,2764,1892,146,141,120.176,90.755,142.505,153.561,255,100,2802,1899,119.236,122.748,105.4655,,20586,,0.416108035,,
190,Image 5.tif (green),8567,1819.928,1601.511,915.269,1732,1551,166,109,137.266,79.465,175.395,171.479,255,100,1732,1578,165.478,106.539,108.3655,,18094,,0.473471869,,
282,Image 5.tif (green),8742,1972.995,2046.881,421.078,1910,1995,119,105,112.634,98.821,171.401,124.338,255,100,1911,2064,25.741,99.44,105.7275,,12495,,0.699639856,,
250,Image 5.tif (green),8780,3041.015,1865.611,644.919,2985,1791,109,130,120.278,92.943,69.543,143.178,255,100,3005,1921,65.225,106.999,106.6105,,14170,,0.619618913,,
265,Image 5.tif (green),8817,795.866,1930.637,672.416,736,1861,115,128,112.979,99.365,55.368,129.557,255,100,759,1975,47.816,113.283,106.172,,14720,,0.598980978,,
313,Image 5.tif (green),8842,749.524,2233.648,530.09,700,2162,106,138,132.684,84.848,106.878,141.481,255,100,731,2164,106.001,97.294,108.766,,14628,,0.604457205,,
235,Image 5.tif (green),9026,844.22,1785.579,679.831,785,1724,114,142,121.497,94.589,80.615,144.554,255,100,840,1866,75.579,107.041,108.043,,16188,,0.557573511,,
214,Image 5.tif (green),9028,2113.426,1694.706,675.245,2046,1633,144,128,115.097,99.871,149.913,145,255,100,2046,1696,173.267,111.436,107.484,,18432,,0.489800347,,
373,Image 5.tif (green),9059,1622.049,2488.7,447.522,1565,2430,110,120,113.697,101.447,124.346,122.772,255,100,1600,2430,113.015,108.035,107.572,,13200,,0.686287879,,
135,Image 5.tif (green),9088,2492.82,1421.108,667.789,2420,1370,141,109,125.062,92.523,177.894,146.564,255,100,2420,1390,164.162,108.004,108.7925,,15369,,0.59132019,,
404,Image 5.tif (green),9144,1612.34,2687.983,417.948,1551,2634,121,106,116.942,99.558,161.884,124.326,255,100,1565,2649,140.548,105.047,108.25,,12826,,0.712926867,,
257,Image 5.tif (green),9165,2622.313,1903.243,443.948,2563,1838,110,125,122.758,95.059,68.122,133.06,255,100,2590,1963,51.407,99.281,108.9085,,13750,,0.666545455,,
213,Image 5.tif (green),9209,2580.36,1693.789,550.777,2516,1631,113,121,114.064,102.796,94.291,138.293,255,100,2536,1644,130.601,111.906,108.43,,13673,,0.673517151,,
31,Image 5.tif (green),9306,3333.305,915.72,624.576,3276,853,124,115,120.574,98.27,154.542,143.684,255,100,3289,857,132.461,107.442,109.422,,14260,,0.65259467,,
394,Image 5.tif (green),9411,3045.666,2631.681,505.019,2995,2564,97,136,127.631,93.883,79.442,140.186,255,100,3033,2700,75.964,96.934,110.757,,13192,,0.713386901,,
346,Image 5.tif (green),9448,866.591,2335.334,605.99,804,2283,124,127,118.409,101.594,127.804,137.844,255,100,804,2297,146.54,107.478,110.0015,,15748,,0.5999492,,
170,Image 5.tif (green),9540,2713.991,1554.228,716.274,2659,1480,141,166,150.652,80.628,121.312,201.936,255,100,2672,1489,128.97,102.462,115.64,,23406,,0.407587798,,
317,Image 5.tif (green),9574,2537.9,2240.936,500.777,2481,2174,112,130,123.728,98.523,105.493,133.454,255,100,2508,2182,122.142,107.95,111.1255,,14560,,0.657554945,,
407,Image 5.tif (green),9653,2105.109,2715.839,461.463,2037,2658,134,107,135.889,90.445,13.241,143.558,255,100,2039,2744,26.922,99.251,113.167,,14338,,0.67324592,,
420,Image 5.tif (green),9720,2535.219,2837.583,448.149,2484,2777,110,120,116.091,106.605,80.622,125,255,100,2488,2884,53.13,110,111.348,,13200,,0.736363636,,
79,Image 5.tif (green),9801,3340.371,1180.681,469.605,3282,1110,109,139,128.117,97.403,111.263,141.223,255,100,3340,1110,102.265,105.54,112.76,,15151,,0.646887994,,
259,Image 5.tif (green),9907,1203.945,1907.114,869.772,1138,1840,121,143,127.89,98.631,119.307,167.8,255,100,1142,1849,127.006,120.637,113.2605,,17303,,0.572559672,,
51,Image 5.tif (green),10079,3243.935,1055.956,641.061,3181,988,124,133,128.262,100.053,134.561,134.164,255,100,3224,992,116.565,114.934,114.1575,,16492,,0.611144797,,
164,Image 5.tif (green),10096,2002.22,1516.021,899.872,1926,1464,150,112,142.55,90.176,166.243,157.305,255,100,1928,1487,159.146,111.413,116.363,,16800,,0.600952381,,
215,Image 5.tif (green),10209,2330.081,1704.021,859.671,2255,1644,153,128,131.357,98.955,167.23,159.211,255,100,2266,1678,153.113,113.344,115.156,,19584,,0.521292892,,
357,Image 5.tif (green),10643,3258.863,2386.846,632.718,3196,2318,131,134,125.736,107.774,36.896,139.463,255,100,3218,2440,51.404,120.622,116.755,,17554,,0.606300558,,
61,Image 5.tif (green),10650,2511.44,1086.029,598.416,2430,1028,146,127,151.894,89.273,144.129,167.705,255,100,2447,1033,137.175,96.779,120.5835,,18542,,0.574371697,,
409,Image 5.tif (green),10714,1745.731,2726.352,485.948,1684,2665,121,122,122.98,110.924,129.877,132.008,255,100,1693,2686,139.917,116.965,116.952,,14762,,0.725782414,,
405,Image 5.tif (green),10865,1952.168,2697.569,514.576,1881,2634,142,117,137.143,100.871,5.212,142.425,255,100,1881,2688,175.57,104.627,119.007,,16614,,0.653966534,,
283,Image 5.tif (green),11076,783.228,2073.116,693.446,714,2001,128,148,146.164,96.483,64.576,169.189,255,100,714,2141,55.84,110.026,121.3235,,18944,,0.584670608,,
353,Image 5.tif (green),11128,749.283,2388.618,601.446,690,2313,124,145,125.177,113.188,105.485,146.373,255,100,742,2458,82.147,123.486,119.1825,,17980,,0.6189099,,
247,Image 5.tif (green),11487,2322.293,1845.849,1012.24,2234,1777,176,135,142.941,102.32,13.566,177.226,255,100,2234,1863,170.91,133.14,122.6305,,23760,,0.483459596,,
143,Image 5.tif (green),11777,3259.61,1462.299,776.902,3180,1393,151,143,139.217,107.709,13.989,151.119,255,100,3180,1473,177.725,137.405,123.463,,21593,,0.545408234,,
298,Image 5.tif (green),11811,1711.043,2146.281,597.304,1649,2084,129,126,123.648,121.622,170.978,145.578,255,100,1656,2202,50.295,125.68,122.635,,16254,,0.726651901,,
126,Image 5.tif (green),11972,3092.321,1392.472,774.943,2990,1334,202,112,198.595,76.755,10.643,204.247,255,100,2990,1413,13.016,96.486,137.675,,22624,,0.52917256,,
361,Image 5.tif (green),11989,965.073,2418.726,595.304,895,2346,129,142,136.329,111.971,75.69,151.222,255,100,938,2346,110.113,120.56,124.15,,18318,,0.654492849,,
236,Image 5.tif (green),12158,2020.296,1793.289,733.002,1940,1730,167,127,150.312,102.986,164.1,168.716,255,100,1940,1782,171.822,123.734,126.649,,21209,,0.573247206,,
289,Image 5.tif (green),12273,2819.129,2108.037,652.274,2752,2027,147,147,144.875,107.862,135.176,161.059,255,100,2757,2066,151.844,122.005,126.3685,,21609,,0.567957795,,
74,Image 5.tif (green),12602,2440.056,1176.052,682.375,2360,1101,158,144,153.095,104.807,138.34,174.428,255,100,2360,1130,154.169,112.151,128.951,,22752,,0.553885373,,
388,Image 5.tif (green),13229,3182.73,2600.091,598.475,3121,2519,129,167,168.355,100.049,65.084,176.709,255,100,3145,2675,55.141,113.149,134.202,,21543,,0.614074177,,
202,Image 5.tif (green),13240,2904.482,1658.181,759.772,2812,1584,165,144,136.485,123.513,15.472,170.038,255,100,2819,1709,32.755,139.716,129.999,,23760,,0.557239057,,
290,Image 5.tif (green),13314,2219.527,2101.292,519.002,2142,2034,147,142,141.338,119.939,29.251,152.118,255,100,2147,2132,24.88,126.632,130.6385,,20874,,0.637826962,,
87,Image 5.tif (green),13452,2713.032,1240.797,821.713,2633,1164,193,185,200.112,85.59,134.548,217.83,255,100,2633,1193,152.376,107.536,142.851,,35705,,0.376753956,,
338,Image 5.tif (green),13526,2346.332,2334.211,555.061,2282,2258,127,151,146.115,117.865,110.326,154.019,255,100,2330,2258,104.668,123.335,131.99,,19177,,0.705324086,,
352,Image 5.tif (green),14549,2196.791,2389.826,574.032,2125,2311,149,162,149.772,123.684,101.462,167.61,255,100,2167,2311,104.865,133.141,136.728,,24138,,0.602742564,,
271,Image 5.tif (green),14704,2353.863,1987.038,609.831,2282,1916,146,142,143.336,130.614,17.821,158.041,255,100,2303,2053,48.848,137.041,136.975,,20732,,0.709241752,,
209,Image 5.tif (green),14949,2710.183,1691.402,744.215,2644,1621,144,160,139.767,136.181,61.062,164.268,255,100,2655,1746,42.039,142.366,137.974,,23040,,0.648828125,,
147,Image 5.tif (green),15090,2882.221,1482.106,1051.11,2783,1399,197,169,142.145,135.166,55.847,203.022,255,100,2783,1465,18.078,157.463,138.6555,,33293,,0.453248431,,
312,Image 5.tif (green),15167,2168.26,2235.972,757.068,2071,2161,201,157,200.972,96.089,151.373,216.696,255,100,2076,2206,150.714,110.893,148.5305,,31557,,0.480622366,,
242,Image 5.tif (green),15791,2502.98,1828.814,1061.737,2387,1755,220,146,184.78,108.809,12.72,220.581,255,100,2387,1832,4.16,139.317,146.7945,,32120,,0.491625156,,
230,Image 5.tif (green),16424,2918.596,1810.159,1216.566,2828,1709,219,182,204.979,102.019,33.367,251.34,255,100,2837,1879,34.955,148.348,153.499,,39858,,0.412062823,,
77,Image 5.tif (green),16552,3236.583,1225.266,1089.838,3147,1109,179,278,251.312,83.859,116.923,303.488,255,100,3183,1109,114.116,141.764,167.5855,,49762,,0.332623287,,
424,Image 5.tif (green),16862,2686.012,2881.607,654.759,2607,2804,157,154,151.397,141.809,39.127,165.895,255,100,2650,2952,55.065,147.658,146.603,,24178,,0.697410869,,
156,Image 5.tif (green),17653,2576.982,1523.834,1112.382,2486,1421,193,187,188.127,119.475,50.583,227.759,255,100,2504,1584,43.577,165.183,153.801,,36091,,0.489124713,,
334,Image 5.tif (green),18370,1289.146,2328.108,944.742,1167,2246,203,178,156.161,149.778,158.462,203.63,255,100,1167,2331,4.507,172.811,152.9695,,36134,,0.508385454,,
111,Image 5.tif (green),18626,2654.377,1357.092,1080.583,2558,1266,220,193,213.176,111.248,141.691,254.88,255,100,2578,1286,141.691,143.158,162.212,,42460,,0.438671691,,
286,Image 5.tif (green),19381,2438.197,2098.649,1025.453,2303,2021,254,146,238.896,103.295,5.958,255.539,255,100,2303,2125,6.291,144.937,171.0955,,37084,,0.522624312,,
343,Image 5.tif (green),22941,1123.457,2365.502,1014.139,1008,2279,241,170,223.227,130.851,153.042,253.002,255,100,1008,2343,162.281,163.037,,,,,,,
153,Image 5.tif (green),23852,1707.179,1501.112,1143.352,1586,1412,245,187,231.417,131.232,28.36,253.002,255,100,1592,1576,19.151,157.642,,,,,,,
369,Image 5.tif (green),25923,2447.011,2496.253,1085.252,2337,2383,221,208,213.182,154.826,17.622,225.535,255,100,2337,2511,11.509,183.916,,,,,,,
84,Image 5.tif (green),26487,2901.724,1260.849,1355.762,2764,1156,253,240,260.256,129.581,140.548,306.139,255,100,2782,1156,129.566,181.619,,,,,,,
375,Image 5.tif (green),26495,1070,2578.05,1500.573,974,2440,212,242,212.587,158.685,71.418,254.201,255,100,983,2647,37.005,193.347,,,,,,,
136,Image 5.tif (green),27120,871.264,1502.001,1131.411,784,1372,177,256,237.429,145.434,89.253,259.28,255,100,841,1377,104.519,170.182,,,,,,,
301,Image 5.tif (green),31224,1906.047,2214.815,1451.36,1775,2101,280,205,244.434,162.644,177.364,281.187,255,100,1775,2204,172.85,201.159,,,,,,,
192,Image 5.tif (green),35148,1101.045,1696.058,2333.031,977,1557,273,306,277.071,161.517,55.607,351.063,255,100,1025,1860,59.344,230.698,,,,,,,
256,Image 5.tif (green),35797,1772.991,1970.789,1860.823,1602,1833,322,242,272.088,167.512,17.348,326.933,255,100,1603,2037,10.932,226.6,,,,,,,
59,Image 5.tif (green),38809,3050.234,1160.001,1798.254,2927,1023,250,327,261.484,188.972,93.66,334.215,255,100,3083,1350,75.797,236.359,,,,,,,
260,Image 5.tif (green),46693,2061.421,1987.555,1926.077,1903,1846,282,343,296.933,200.218,103.988,362.774,255,100,1940,1846,109.484,265.895,,,,,,,
