,level_0,index, ,Label,Area,X,Y,Perim.,BX,BY,Width,Height,Major,Minor,Angle,Feret,Median,%Area,FeretX,FeretY,FeretAngle,MinFeret,area_bbx_ratio
0,0,614,692,C2-Adipocites (2).tif,8056,1593.77,2385.907,609.855,1530,2329,118,115,109.289,93.854,43.157,124.88799999999999,255,100,1533,2406,24.101999999999997,107.992,0.5937
1,1,615,589,C2-Adipocites (2).tif,8048,1696.7179999999998,1993.7420000000002,994.087,1625,1947,142,108,111.352,92.024,33.498000000000005,153.951,255,100,1628,2024,28.729,108.0,0.5248
2,2,616,167,C2-Adipocites (2).tif,8213,691.829,822.673,992.288,624,763,125,123,106.30799999999999,98.366,160.341,125.575,255,100,624,828,5.484,107.934,0.5342
3,3,617,442,C2-Adipocites (2).tif,8065,1242.251,1561.69,638.5409999999999,1178,1514,125,91,118.97399999999999,86.311,5.3229999999999995,125.71799999999999,255,100,1179,1557,168.06400000000002,91.0,0.709
4,4,618,631,C2-Adipocites (2).tif,8207,767.327,2123.893,856.85,688,2071,139,105,115.39,90.55799999999999,8.008,157.064,255,100,688,2167,28.523000000000003,104.831,0.5623
5,5,619,708,C2-Adipocites (2).tif,8317,1330.224,2426.083,699.855,1275,2368,117,113,115.197,91.925,140.583,126.4,255,100,1283,2391,149.58,100.801,0.6291
6,6,620,663,C2-Adipocites (2).tif,8519,2729.4709999999995,2262.092,830.0210000000001,2675,2198,115,121,108.419,100.045,137.872,127.13,255,100,2715,2319,72.135,106.76899999999999,0.6122
7,8,622,572,C2-Adipocites (2).tif,8613,959.8439999999999,1953.714,907.477,897,1895,125,120,109.35,100.287,87.686,127.04700000000001,255,100,944,2015,64.847,111.068,0.5742
8,9,623,402,C2-Adipocites (2).tif,8481,1235.93,1448.45,804.85,1172,1386,128,116,118.56700000000001,91.074,26.415,131.55200000000002,255,100,1196,1500,43.768,102.081,0.5712
9,10,624,71,C2-Adipocites (2).tif,8129,3755.2729999999997,419.35400000000004,1240.982,3700,346,116,158,134.665,76.859,71.60600000000001,161.533,255,100,3742,504,76.39399999999999,94.1,0.4435
10,11,625,459,C2-Adipocites (2).tif,8523,3452.973,1620.68,711.8380000000001,3391,1566,131,132,124.819,86.94,32.749,142.667,255,100,3423,1698,62.896,96.088,0.4929
11,12,626,225,C2-Adipocites (2).tif,8628,3891.829,943.757,1351.065,3837,869,117,149,123.29799999999999,89.09700000000001,103.26100000000001,153.951,255,100,3855,869,118.729,116.947,0.4949
12,13,627,677,C2-Adipocites (2).tif,8704,2433.988,2297.795,854.2639999999999,2358,2237,136,116,120.94,91.635,144.517,154.871,255,100,2358,2251,148.465,99.925,0.5517
13,14,628,90,C2-Adipocites (2).tif,8638,1253.101,500.69199999999995,732.7669999999999,1198,440,123,131,129.296,85.06200000000001,58.20399999999999,140.528,255,100,1230,569,65.624,96.859,0.5361
14,15,629,207,C2-Adipocites (2).tif,8854,2997.167,911.198,1224.781,2938,846,116,137,123.82799999999999,91.039,73.432,145.602,255,100,2973,982,69.075,116.0,0.5571
15,16,630,573,C2-Adipocites (2).tif,8794,2368.304,1966.511,1428.705,2298,1901,163,123,127.32600000000001,87.939,6.896,163.355,255,100,2299,1995,7.386,118.585,0.4386
16,17,631,425,C2-Adipocites (2).tif,8906,1988.511,1547.704,1726.369,1926,1456,122,160,125.016,90.704,82.602,171.67700000000002,255,100,1928,1612,59.551,117.757,0.4562
17,18,632,576,C2-Adipocites (2).tif,9074,3704.534,1979.661,963.2760000000001,3633,1905,128,137,117.57799999999999,98.26100000000001,109.684,141.4,255,100,3633,1950,143.049,111.389,0.5174
18,19,633,104,C2-Adipocites (2).tif,9093,2353.748,571.88,1555.131,2282,511,149,121,116.581,99.309,157.687,154.506,255,100,2287,586,21.250999999999998,120.219,0.5044
19,20,634,123,C2-Adipocites (2).tif,8169,4028.803,661.801,988.59,3975,590,100,157,144.403,72.028,105.294,159.364,255,100,4009,592,104.90799999999999,93.135,0.5203
20,21,635,147,C2-Adipocites (2).tif,8648,3807.5190000000002,760.5060000000001,943.1339999999999,3760,690,92,152,135.153,81.47,96.39200000000001,155.541,255,100,3812,690,102.249,87.22200000000001,0.6184
21,22,636,15,C2-Adipocites (2).tif,9019,3661.8990000000003,149.134,874.507,3608,81,107,134,126.24700000000001,90.959,63.391000000000005,142.836,255,100,3619,211,56.42100000000001,105.208,0.629
22,23,637,143,C2-Adipocites (2).tif,9411,1657.5870000000002,737.318,1136.129,1594,681,134,127,116.20200000000001,103.117,144.98,137.768,255,100,1594,717,166.56900000000002,120.0,0.553
23,24,638,725,C2-Adipocites (2).tif,8949,2140.1679999999997,2587.893,1318.58,2074,2502,114,162,135.983,83.791,81.771,162.197,255,100,2158,2502,92.82700000000001,113.008,0.4846
24,25,639,300,C2-Adipocites (2).tif,9428,2126.702,1138.848,1279.8519999999999,2058,1060,131,142,119.728,100.262,117.648,144.368,255,100,2122,1061,105.67299999999999,126.604,0.5068
25,26,640,372,C2-Adipocites (2).tif,8578,1175.389,1361.7720000000002,822.808,1098,1299,148,116,144.509,75.579,33.571999999999996,150.71200000000002,255,100,1111,1405,26.395,90.975,0.4997
26,27,641,755,C2-Adipocites (2).tif,9328,1504.055,2728.566,763.453,1448,2667,117,138,125.88,94.35,54.928000000000004,144.941,255,100,1451,2777,39.400999999999996,103.986,0.5777
27,28,642,385,C2-Adipocites (2).tif,9309,3700.491,1397.2720000000002,916.8330000000001,3630,1330,137,127,129.108,91.803,146.942,137.525,255,100,3630,1396,174.99400000000003,103.524,0.535
28,29,643,715,C2-Adipocites (2).tif,9332,1511.378,2474.034,741.8380000000001,1438,2419,142,105,128.597,92.396,170.46900000000002,146.779,255,100,1438,2448,160.084,105.0,0.6259
29,30,644,394,C2-Adipocites (2).tif,9649,2947.4840000000004,1428.309,868.306,2887,1361,123,127,114.65799999999999,107.149,48.433,131.126,255,100,2916,1484,61.285,115.042,0.6177
30,31,645,739,C2-Adipocites (2).tif,9516,1312.088,2680.099,704.2810000000001,1259,2611,104,137,131.886,91.868,80.602,137.931,255,100,1307,2748,83.339,99.426,0.6679
31,32,646,738,C2-Adipocites (2).tif,9188,2833.7209999999995,2653.7690000000002,1171.911,2744,2596,172,126,140.588,83.211,155.859,180.278,255,100,2744,2624,162.57,108.95700000000001,0.424
32,33,647,435,C2-Adipocites (2).tif,9201,4029.333,1554.891,1244.354,3978,1479,99,164,140.925,83.13,102.492,164.222,255,100,4005,1480,96.995,98.77600000000001,0.5667
33,34,648,409,C2-Adipocites (2).tif,9868,926.573,1482.369,964.69,866,1401,120,147,118.90299999999999,105.66799999999999,105.959,148.708,255,100,912,1401,102.821,117.663,0.5594
34,35,649,305,C2-Adipocites (2).tif,9912,3146.74,1141.475,1305.266,3074,1075,140,143,116.79,108.061,167.97099999999998,145.207,255,100,3142,1218,73.187,125.531,0.4951
35,36,650,400,C2-Adipocites (2).tif,9606,3105.2059999999997,1462.662,1631.457,3016,1383,161,147,134.362,91.02799999999999,160.829,179.025,255,100,3028,1393,144.09,125.73,0.4059
36,37,651,135,C2-Adipocites (2).tif,9939,1869.7979999999998,722.1419999999999,1254.053,1801,655,144,138,123.037,102.853,47.419,145.382,255,100,1801,716,172.093,121.156,0.5002
37,38,652,411,C2-Adipocites (2).tif,9546,3253.9570000000003,1480.3029999999999,771.495,3196,1408,101,150,137.496,88.398,98.93299999999999,152.611,255,100,3253,1409,102.488,100.40899999999999,0.6301
38,39,653,779,C2-Adipocites (2).tif,9843,2962.2209999999995,2858.3320000000003,842.365,2902,2799,136,121,128.59,97.461,153.535,144.014,255,100,2905,2810,152.72299999999998,109.454,0.5981
39,40,654,277,C2-Adipocites (2).tif,9752,2010.9189999999999,1076.945,1255.71,1949,1011,129,134,133.575,92.956,52.885,160.86,255,100,1965,1143,51.563,114.64299999999999,0.5642
40,41,655,629,C2-Adipocites (2).tif,10024,1021.368,2128.4210000000003,869.294,961,2062,125,141,122.915,103.836,76.821,145.33100000000002,255,100,990,2063,105.566,121.139,0.5687
41,42,656,638,C2-Adipocites (2).tif,9147,2263.075,2192.758,1257.367,2200,2108,127,159,148.517,78.418,67.965,169.544,255,100,2219,2265,67.822,98.47200000000001,0.453
42,43,657,724,C2-Adipocites (2).tif,9973,1280.0610000000001,2539.821,707.311,1220,2481,121,120,128.002,99.20200000000001,136.311,142.611,255,100,1224,2490,142.407,116.448,0.6868
43,44,658,329,C2-Adipocites (2).tif,9767,3938.7709999999997,1230.268,1208.153,3860,1154,140,139,135.35,91.87899999999999,44.736000000000004,151.489,255,100,3888,1286,51.163000000000004,112.281,0.5019
44,45,659,110,C2-Adipocites (2).tif,10101,3899.441,601.548,924.105,3837,534,121,135,125.26799999999999,102.66799999999999,58.055,143.618,255,100,3864,669,70.051,115.399,0.6184
45,46,660,94,C2-Adipocites (2).tif,9573,1009.423,514.5980000000001,886.205,940,451,133,135,145.469,83.789,43.863,170.082,255,100,940,563,41.18600000000001,101.24600000000001,0.5332
46,47,661,719,C2-Adipocites (2).tif,10195,1727.864,2513.901,756.323,1655,2456,137,117,128.05,101.37200000000001,18.116,141.039,255,100,1655,2524,18.178,110.98700000000001,0.636
47,48,662,676,C2-Adipocites (2).tif,9974,1195.123,2291.074,920.0210000000001,1114,2236,158,111,138.108,91.95200000000001,3.158,158.256,255,100,1114,2297,176.74,108.37299999999999,0.5687
48,49,663,621,C2-Adipocites (2).tif,10112,899.2760000000001,2127.473,956.205,843,2050,113,142,136.71200000000002,94.176,57.841,158.373,255,100,858,2190,55.808,107.738,0.6302
49,50,664,705,C2-Adipocites (2).tif,10386,3333.2140000000004,2425.672,1241.4260000000002,3247,2352,153,129,126.13799999999999,104.836,16.792,156.952,255,100,3247,2434,12.885,121.516,0.5262
50,51,665,403,C2-Adipocites (2).tif,10031,3834.739,1453.876,951.803,3765,1387,140,130,139.886,91.302,34.076,154.625,255,100,3771,1497,37.907,101.625,0.5512
51,52,666,590,C2-Adipocites (2).tif,10312,1352.595,2024.318,780.666,1279,1954,141,126,136.911,95.899,153.659,150.602,255,100,1288,1978,146.099,107.23299999999999,0.5804
52,53,667,706,C2-Adipocites (2).tif,10598,1209.132,2412.596,814.08,1129,2357,140,120,124.09,108.742,179.08,143.09799999999998,255,100,1129,2413,13.745,116.81299999999999,0.6308
53,54,668,614,C2-Adipocites (2).tif,10589,1226.483,2091.637,946.288,1150,2033,144,115,125.064,107.804,165.113,146.891,255,100,1150,2087,168.614,115.0,0.6394
54,55,669,351,C2-Adipocites (2).tif,10652,3800.224,1315.7279999999998,1076.715,3740,1246,135,139,124.711,108.75200000000001,148.959,151.611,255,100,3740,1265,152.928,126.28399999999999,0.5677
55,56,670,323,C2-Adipocites (2).tif,10668,3251.28,1214.577,987.561,3184,1138,129,147,126.20700000000001,107.624,84.39200000000001,149.466,255,100,3235,1139,102.36200000000001,122.715,0.5626
56,57,671,215,C2-Adipocites (2).tif,10590,1421.3570000000002,934.1139999999999,1260.823,1366,857,117,158,140.689,95.84,107.398,159.138,255,100,1412,857,96.85700000000001,109.70100000000001,0.5729
57,58,672,91,C2-Adipocites (2).tif,10227,2187.294,503.705,1342.764,2105,444,167,114,150.77,86.366,6.746,176.706,255,100,2109,549,25.115,109.079,0.5372
58,59,673,648,C2-Adipocites (2).tif,10643,2835.762,2200.9610000000002,1299.4080000000001,2762,2131,149,150,144.241,93.948,135.403,161.245,255,100,2792,2133,113.385,117.294,0.4762
59,60,674,740,C2-Adipocites (2).tif,11074,977.3960000000001,2679.6059999999998,1006.673,903,2617,145,129,130.278,108.229,171.15599999999998,152.506,255,100,904,2653,159.664,125.39399999999999,0.592
60,61,675,250,C2-Adipocites (2).tif,11104,3116.055,1005.054,1369.835,3038,933,151,139,129.063,109.54299999999999,21.784000000000002,152.594,255,100,3038,998,8.289,131.224,0.529
61,62,676,594,C2-Adipocites (2).tif,11167,1078.9660000000001,2023.779,749.453,1002,1959,143,132,129.175,110.07,164.50900000000001,146.24,255,100,1003,2010,153.61,125.855,0.5916
62,63,677,317,C2-Adipocites (2).tif,11101,3521.616,1181.539,1459.4920000000002,3456,1107,154,154,136.67600000000002,103.414,59.769,166.817,255,100,3460,1230,37.694,129.793,0.4681
63,64,678,661,C2-Adipocites (2).tif,11180,938.075,2245.515,888.306,856,2180,164,127,133.986,106.241,173.168,164.77900000000002,255,100,856,2246,5.572,121.527,0.5368
64,65,679,688,C2-Adipocites (2).tif,11237,1438.33,2361.614,876.992,1361,2304,144,124,136.924,104.491,175.051,146.24,255,100,1367,2336,153.61,112.624,0.6293
65,66,680,623,C2-Adipocites (2).tif,11302,3495.966,2118.374,934.288,3438,2053,116,138,135.218,106.42200000000001,88.36200000000001,150.655,255,100,3443,2063,133.655,115.89299999999999,0.706
66,67,681,139,C2-Adipocites (2).tif,11289,964.1360000000001,742.659,1253.509,886,674,149,135,136.525,105.28200000000001,30.354,168.074,255,100,886,780,33.596,118.976,0.5612
67,68,682,754,C2-Adipocites (2).tif,10899,858.192,2746.0159999999996,1191.2830000000001,804,2666,109,178,148.464,93.471,94.339,188.489,255,100,814,2666,109.204,107.404,0.5617
68,69,683,10,C2-Adipocites (2).tif,11231,3536.699,102.54,2037.4470000000001,3465,22,139,177,139.399,102.58200000000001,67.115,185.648,255,100,3506,22,107.557,132.83100000000002,0.4565
69,70,684,253,C2-Adipocites (2).tif,10793,3264.3309999999997,1040.7160000000001,1643.1729999999998,3204,947,124,177,152.464,90.133,88.67399999999999,178.373,255,100,3245,1123,80.643,120.786,0.4918
70,71,685,319,C2-Adipocites (2).tif,11203,1876.4520000000002,1189.5330000000001,1184.756,1806,1111,134,150,145.47,98.055,68.218,156.774,255,100,1825,1248,58.033,111.93799999999999,0.5574
71,72,686,89,C2-Adipocites (2).tif,10838,3523.804,519.506,882.063,3463,439,114,158,154.382,89.385,67.273,166.859,255,100,3487,590,64.817,104.19,0.6017
72,73,687,333,C2-Adipocites (2).tif,11500,3644.0840000000003,1266.588,1446.161,3573,1179,158,159,139.627,104.867,41.345,169.77900000000002,255,100,3606,1335,66.757,114.772,0.4578
73,74,688,360,C2-Adipocites (2).tif,11625,1850.731,1349.8110000000001,1605.415,1767,1272,142,155,137.431,107.7,100.604,163.811,255,100,1822,1272,108.87700000000001,140.6,0.5282
74,75,689,448,C2-Adipocites (2).tif,11666,2667.43,1601.335,1760.168,2572,1530,168,146,136.484,108.83,14.787,182.937,255,100,2575,1648,25.585,139.554,0.4756
75,76,690,64,C2-Adipocites (2).tif,10821,2075.281,422.39099999999996,1580.244,2001,321,136,197,162.285,84.899,73.183,197.687,255,100,2050,515,78.917,123.65,0.4039
76,77,691,343,C2-Adipocites (2).tif,11986,2887.844,1303.386,864.992,2819,1224,130,148,141.047,108.199,78.398,153.844,255,100,2856,1370,63.768,123.421,0.623
77,78,692,633,C2-Adipocites (2).tif,12045,3628.1929999999998,2146.3160000000003,829.8789999999999,3559,2075,133,137,140.446,109.196,42.361000000000004,152.74200000000002,255,100,3573,2199,45.531000000000006,121.471,0.6611
78,79,693,325,C2-Adipocites (2).tif,11905,702.346,1218.589,847.477,625,1144,154,144,146.127,103.73100000000001,40.043,155.048,255,100,625,1238,6.667000000000001,116.20100000000001,0.5368
79,80,694,582,C2-Adipocites (2).tif,12151,835.612,1997.995,724.24,768,1934,145,126,139.096,111.227,163.041,154.156,255,100,771,1962,157.094,119.84100000000001,0.6651
80,81,695,355,C2-Adipocites (2).tif,12175,3187.8979999999997,1342.588,1031.058,3119,1258,129,163,140.869,110.04299999999999,107.015,165.922,255,100,3163,1258,100.76799999999999,128.588,0.579
81,82,696,730,C2-Adipocites (2).tif,11886,1632.832,2621.278,891.235,1565,2539,133,163,151.453,99.92299999999999,77.133,163.441,255,100,1618,2702,85.79,121.21,0.5483
82,83,697,154,C2-Adipocites (2).tif,12044,1092.072,793.215,1514.504,1014,721,167,154,147.33700000000002,104.081,144.875,188.733,255,100,1058,726,130.27200000000002,136.842,0.4683
83,84,698,301,C2-Adipocites (2).tif,12146,1749.796,1155.471,1851.565,1680,1069,138,207,144.30200000000002,107.17,113.928,209.308,255,100,1722,1069,98.51700000000001,130.313,0.4252
84,85,699,597,C2-Adipocites (2).tif,11562,2710.045,2041.2679999999998,1192.999,2636,1964,154,173,159.066,92.54799999999999,122.944,184.835,255,100,2676,1967,125.75399999999999,109.331,0.434
85,86,700,489,C2-Adipocites (2).tif,11697,3785.2940000000003,1732.399,1038.857,3704,1651,143,153,156.75799999999998,95.007,61.942,184.62900000000002,255,100,3705,1775,39.726,118.79299999999999,0.5346
86,87,701,487,C2-Adipocites (2).tif,12438,3925.514,1718.465,969.2760000000001,3857,1646,131,150,132.64700000000002,119.38799999999999,61.967,159.138,255,100,3873,1772,43.727,128.45600000000002,0.633
87,88,702,538,C2-Adipocites (2).tif,11372,2684.283,1869.76,1017.987,2605,1788,143,160,164.128,88.219,124.866,189.708,255,100,2615,1788,123.60600000000001,105.911,0.497
88,89,703,711,C2-Adipocites (2).tif,12172,3492.9959999999996,2517.345,2029.104,3413,2397,148,204,146.775,105.589,65.929,205.183,255,100,3476,2601,83.845,146.851,0.4032
89,90,704,315,C2-Adipocites (2).tif,12185,998.085,1172.4189999999999,1331.124,935,1102,126,166,150.474,103.104,81.84,175.02599999999998,255,100,971,1256,60.945,117.914,0.5826
90,92,706,137,C2-Adipocites (2).tif,12343,2363.525,752.038,1741.641,2279,668,168,166,155.661,100.96,35.311,178.86900000000003,255,100,2295,810,40.010999999999996,132.05700000000002,0.4426
91,93,707,326,C2-Adipocites (2).tif,12823,2785.065,1221.599,978.046,2720,1144,131,155,148.904,109.646,70.888,165.46900000000002,255,100,2746,1293,63.435,121.86,0.6315
92,94,708,77,C2-Adipocites (2).tif,13184,3217.9709999999995,465.18699999999995,2141.891,3137,375,153,166,131.31,127.838,64.291,178.61700000000002,255,100,3160,534,55.95399999999999,152.827,0.5191
93,95,709,29,C2-Adipocites (2).tif,13101,3425.19,238.03799999999998,1713.156,3350,146,153,170,142.474,117.079,102.022,171.977,255,100,3426,146,98.696,146.014,0.5037
94,96,710,224,C2-Adipocites (2).tif,13374,1869.918,944.591,1942.979,1788,869,165,159,136.591,124.666,94.086,185.648,255,100,1823,1025,54.426,155.629,0.5098
95,97,711,141,C2-Adipocites (2).tif,13179,3937.053,754.8889999999999,1099.484,3875,675,130,167,147.645,113.65100000000001,98.448,167.356,255,100,3904,680,104.53399999999999,125.546,0.607
96,98,712,536,C2-Adipocites (2).tif,13347,847.2819999999999,1862.089,1085.016,778,1786,142,147,141.071,120.464,120.552,162.34799999999998,255,100,812,1787,115.934,139.984,0.6394
97,99,713,378,C2-Adipocites (2).tif,13409,2765.1609999999996,1383.275,865.9630000000001,2690,1310,149,146,138.873,122.939,126.93299999999999,151.634,255,100,2690,1374,167.43,130.97299999999998,0.6164
98,100,714,364,C2-Adipocites (2).tif,13378,3495.235,1362.996,1444.521,3421,1280,151,161,148.97,114.34100000000001,97.09200000000001,171.84,255,100,3443,1307,135.707,147.03799999999998,0.5503
99,101,715,728,C2-Adipocites (2).tif,13470,2609.609,2592.596,1103.786,2524,2527,163,131,146.42600000000002,117.12799999999999,7.995,168.68,255,100,2524,2622,16.179000000000002,129.869,0.6308
100,102,716,200,C2-Adipocites (2).tif,13587,3750.808,911.065,1260.354,3687,829,130,156,145.375,118.999,101.806,160.378,255,100,3717,840,119.92200000000001,129.334,0.67
101,103,717,701,C2-Adipocites (2).tif,13661,2396.356,2427.956,2022.619,2306,2347,166,162,147.088,118.25399999999999,115.10600000000001,194.61,255,100,2312,2348,137.291,149.253,0.508
102,104,718,670,C2-Adipocites (2).tif,11951,2579.295,2286.256,1073.5430000000001,2481,2219,215,130,183.851,82.765,168.796,225.497,255,100,2481,2258,162.44899999999998,122.339,0.4276
103,105,719,126,C2-Adipocites (2).tif,13764,3548.6929999999998,683.007,1192.129,3477,599,135,160,149.829,116.96600000000001,131.589,170.03799999999998,255,100,3516,604,122.755,134.155,0.6372
104,106,720,82,C2-Adipocites (2).tif,13696,1465.652,480.14099999999996,918.933,1400,396,136,161,156.048,111.749,71.645,171.09400000000002,255,100,1423,553,66.582,123.15899999999999,0.6255
105,107,721,371,C2-Adipocites (2).tif,13719,3977.935,1375.767,1166.171,3913,1295,139,160,155.6,112.259,67.881,167.765,255,100,3933,1448,47.657,129.761,0.6169
106,108,722,549,C2-Adipocites (2).tif,13210,1700.0279999999998,1890.53,1414.7220000000002,1605,1829,190,119,171.56799999999998,98.03399999999999,3.037,193.83,255,100,1605,1922,12.817,115.37700000000001,0.5843
107,109,723,446,C2-Adipocites (2).tif,14132,3180.7009999999996,1598.92,990.5310000000001,3104,1521,154,151,149.128,120.65799999999999,138.273,169.77900000000002,255,100,3120,1548,140.497,131.47799999999998,0.6077
108,110,724,630,C2-Adipocites (2).tif,14430,2441.12,2148.176,1354.521,2355,2068,150,165,148.345,123.852,117.883,167.547,255,100,2400,2079,113.199,148.234,0.583
109,111,725,438,C2-Adipocites (2).tif,13476,3010.495,1563.004,856.7489999999999,2926,1492,165,142,174.78400000000002,98.16799999999999,147.195,179.49400000000003,255,100,2929,1524,151.007,111.911,0.5752
110,112,726,524,C2-Adipocites (2).tif,14574,3481.98,1837.391,874.063,3398,1754,164,154,153.252,121.083,37.817,180.854,255,100,3399,1899,32.811,137.011,0.5771
111,113,727,752,C2-Adipocites (2).tif,14763,2571.324,2736.9790000000003,1322.479,2494,2659,155,163,143.261,131.207,97.512,172.699,255,100,2505,2662,112.109,153.375,0.5843
112,114,728,54,C2-Adipocites (2).tif,13749,3648.889,351.68199999999996,1339.994,3579,268,147,170,175.155,99.945,56.192,190.205,255,100,3588,431,53.552,123.04700000000001,0.5502
113,115,729,537,C2-Adipocites (2).tif,14801,3647.739,1857.0479999999998,1121.786,3573,1786,157,142,147.888,127.429,5.216,160.365,255,100,3577,1890,19.678,140.484,0.6639
114,116,730,92,C2-Adipocites (2).tif,14330,3641.0820000000003,533.898,1132.07,3579,447,133,182,168.47099999999998,108.301,73.377,185.335,255,100,3635,629,79.11399999999999,122.134,0.592
115,117,731,47,C2-Adipocites (2).tif,14275,2184.311,291.663,1351.835,2092,228,198,144,172.201,105.54799999999999,173.23,201.07,255,100,2092,277,169.976,133.703,0.5007
116,118,732,423,C2-Adipocites (2).tif,14936,2823.877,1520.734,891.1339999999999,2736,1455,173,135,156.278,121.68700000000001,175.34900000000002,174.347,255,100,2737,1506,168.755,133.69,0.6395
117,119,733,483,C2-Adipocites (2).tif,15317,3079.4790000000003,1727.3670000000002,1299.367,3007,1637,150,169,147.558,132.167,70.607,182.472,255,100,3026,1801,63.997,142.55,0.6042
118,120,734,350,C2-Adipocites (2).tif,15159,3343.414,1324.251,1181.568,3269,1244,157,159,157.262,122.73100000000001,56.058,177.882,255,100,3278,1392,51.39,137.761,0.6073
119,121,735,437,C2-Adipocites (2).tif,15308,3891.92,1569.615,1089.1589999999999,3818,1491,143,152,151.893,128.319,49.765,174.155,255,100,3840,1634,47.793,142.41,0.7043
120,122,736,142,C2-Adipocites (2).tif,14989,1374.942,771.1139999999999,1361.509,1315,677,136,181,168.65,113.161,93.251,181.915,255,100,1345,854,76.65100000000001,135.609,0.6089
121,123,737,408,C2-Adipocites (2).tif,15324,1375.378,1478.245,1036.129,1295,1399,157,163,166.023,117.521,54.445,178.519,255,100,1348,1562,65.158,132.362,0.5988
122,124,738,765,C2-Adipocites (2).tif,15902,1077.495,2797.5679999999998,964.3889999999999,994,2712,155,166,147.333,137.424,102.50399999999999,167.487,255,100,1070,2876,78.288,141.874,0.618
123,125,739,206,C2-Adipocites (2).tif,15883,2863.413,933.38,1955.121,2777,840,169,188,152.81,132.34,121.171,190.90599999999998,255,100,2864,840,103.01700000000001,157.055,0.4999
124,126,740,164,C2-Adipocites (2).tif,15478,3504.2209999999995,837.2489999999999,1264.153,3432,754,148,169,167.544,117.624,83.015,176.139,255,100,3482,756,108.538,130.33100000000002,0.6188
125,127,741,658,C2-Adipocites (2).tif,15443,1375.684,2249.639,1030.874,1280,2176,179,147,171.829,114.431,20.9,190.541,255,100,1291,2305,33.44,123.74700000000001,0.5869
126,128,742,101,C2-Adipocites (2).tif,15932,1341.757,578.273,861.72,1261,492,146,172,162.028,125.196,71.288,174.451,255,100,1327,493,105.63,133.123,0.6344
127,129,743,106,C2-Adipocites (2).tif,16043,3371.6040000000003,588.36,1231.786,3291,514,173,143,159.974,127.68700000000001,168.232,182.78400000000002,255,100,3291,558,161.16899999999998,139.584,0.6485
128,130,744,356,C2-Adipocites (2).tif,15464,1991.683,1350.9460000000001,1681.214,1917,1259,185,182,177.28799999999998,111.059,134.66299999999998,210.297,255,100,1917,1284,151.607,152.543,0.4593
129,131,745,121,C2-Adipocites (2).tif,15577,2193.542,639.789,1249.183,2096,580,196,129,178.25099999999998,111.266,173.676,196.255,255,100,2096,641,177.079,121.245,0.6161
130,132,746,332,C2-Adipocites (2).tif,13815,1374.49,1240.8310000000001,1536.6879999999999,1233,1171,240,132,204.925,85.836,8.181000000000001,251.40599999999998,255,100,1233,1282,18.075,131.55700000000002,0.4361
131,133,747,419,C2-Adipocites (2).tif,14402,1734.4460000000001,1552.6779999999999,1453.1070000000002,1676,1443,108,205,201.502,91.00299999999999,85.852,210.642,255,100,1700,1646,72.597,107.04799999999999,0.6505
132,134,748,295,C2-Adipocites (2).tif,16824,601.9259999999999,1125.796,1421.0479999999998,519,1042,158,173,159.055,134.67600000000002,113.581,182.477,255,100,559,1043,120.641,153.235,0.6155
133,135,749,733,C2-Adipocites (2).tif,16511,1789.589,2657.947,1804.227,1720,2566,154,196,175.002,120.12700000000001,89.479,196.207,255,100,1786,2762,87.37100000000001,153.154,0.547
134,136,750,260,C2-Adipocites (2).tif,17303,2780.808,1050.769,1103.3419999999999,2701,972,181,162,157.32299999999998,140.036,148.907,181.706,255,100,2701,1058,5.052,149.718,0.5901
135,137,751,574,C2-Adipocites (2).tif,17049,3498.7309999999998,1973.1670000000001,1261.0819999999999,3408,1904,182,141,169.282,128.232,12.029000000000002,187.641,255,100,3418,2012,23.559,137.441,0.6644
136,138,752,410,C2-Adipocites (2).tif,17137,3384.3190000000004,1493.601,1146.857,3310,1402,142,177,167.09900000000002,130.578,100.446,178.24099999999999,255,100,3374,1579,83.234,142.0,0.6818
137,139,753,743,C2-Adipocites (2).tif,16026,2739.465,2729.947,1416.604,2649,2619,182,194,192.215,106.15700000000001,132.582,219.107,255,100,2649,2661,146.165,122.24700000000001,0.4539
138,140,754,500,C2-Adipocites (2).tif,16587,2778.3940000000002,1781.993,1609.315,2681,1687,183,174,183.24400000000003,115.25200000000001,149.428,214.979,255,100,2695,1699,134.246,136.088,0.5209
139,141,755,694,C2-Adipocites (2).tif,17554,2634.546,2409.822,934.69,2555,2329,156,173,162.594,137.46200000000002,103.74700000000001,177.34099999999998,255,100,2588,2337,111.501,148.322,0.6504
140,142,756,682,C2-Adipocites (2).tif,17976,2924.36,2364.051,1546.2020000000002,2844,2274,171,174,159.782,143.244,173.949,179.725,255,100,2909,2274,104.5,162.461,0.6042
141,143,757,523,C2-Adipocites (2).tif,17967,2960.828,1841.2620000000002,1253.0819999999999,2879,1749,165,176,161.234,141.882,148.69,186.03799999999998,255,100,2889,1778,129.766,159.769,0.6187
142,144,758,379,C2-Adipocites (2).tif,18055,696.357,1400.5870000000002,1392.497,596,1311,191,186,178.153,129.037,150.671,199.52900000000002,255,100,651,1316,118.10600000000001,147.191,0.5082
143,145,759,395,C2-Adipocites (2).tif,18213,2616.556,1454.3310000000001,1455.835,2528,1368,174,175,175.882,131.847,49.905,193.794,255,100,2546,1519,46.254,150.30100000000002,0.5981
144,146,760,484,C2-Adipocites (2).tif,18803,743.217,1726.479,1331.509,656,1641,167,172,166.796,143.533,79.362,190.801,255,100,656,1688,143.31,166.75099999999998,0.6546
145,147,761,558,C2-Adipocites (2).tif,19092,2836.375,1950.192,1279.141,2746,1857,182,172,165.203,147.144,4.6080000000000005,187.243,255,100,2788,2029,66.721,157.94799999999998,0.6099
146,148,762,625,C2-Adipocites (2).tif,19162,2598.1479999999997,2155.146,1435.533,2518,2058,169,183,171.84799999999998,141.97299999999998,124.81299999999999,185.324,255,100,2585,2058,111.859,164.894,0.6196
147,149,763,220,C2-Adipocites (2).tif,19201,2636.7090000000003,959.675,1372.68,2542,864,183,179,184.326,132.632,35.943000000000005,202.8,255,100,2546,1016,36.983000000000004,148.96200000000002,0.5862
148,150,764,417,C2-Adipocites (2).tif,18816,1853.57,1540.9129999999998,1752.227,1792,1438,131,209,193.49400000000003,123.814,88.035,210.04,255,100,1808,1441,101.256,131.0,0.6872
149,151,765,310,C2-Adipocites (2).tif,20209,1587.182,1180.039,1644.771,1498,1087,180,200,189.358,135.885,59.471000000000004,202.615,255,100,1574,1286,77.747,172.245,0.5614
150,152,766,781,C2-Adipocites (2).tif,20048,2703.204,2889.548,1385.734,2602,2804,191,176,192.97099999999998,132.278,141.702,201.201,255,100,2602,2865,159.944,147.379,0.5964
151,153,767,463,C2-Adipocites (2).tif,20985,2916.756,1672.099,1124.271,2839,1578,165,184,172.532,154.864,102.77600000000001,188.09599999999998,255,100,2869,1592,125.042,162.63299999999998,0.6912
152,154,768,292,C2-Adipocites (2).tif,21183,3384.0040000000004,1135.927,1313.592,3299,1036,169,197,184.24,146.391,83.397,197.497,255,100,3365,1036,94.065,159.928,0.6363
153,155,769,269,C2-Adipocites (2).tif,21972,3809.526,1128.06,2346.768,3719,1001,195,225,179.201,156.113,60.065,226.738,255,100,3740,1219,68.527,179.00400000000002,0.5008
154,156,770,190,C2-Adipocites (2).tif,22057,906.9639999999999,910.362,1561.558,816,817,185,187,179.855,156.14700000000002,58.523,211.06599999999997,255,100,826,970,33.991,163.77700000000002,0.6376
155,157,771,28,C2-Adipocites (2).tif,21311,3152.565,251.141,1901.263,3079,143,153,230,212.695,127.572,95.34200000000001,239.727,255,100,3122,149,117.31299999999999,148.864,0.6056
156,158,772,313,C2-Adipocites (2).tif,22690,1126.55,1217.738,2321.194,1036,1095,188,239,190.62099999999998,151.556,73.49600000000001,243.578,255,100,1101,1334,78.875,174.468,0.505
157,159,773,347,C2-Adipocites (2).tif,21759,545.191,1336.94,2005.908,440,1238,202,237,219.144,126.421,48.949,266.558,255,100,487,1475,62.762,144.203,0.4545
158,160,774,128,C2-Adipocites (2).tif,23733,1233.303,723.3739999999999,1509.391,1148,613,168,217,207.27,145.79,89.874,226.24099999999999,255,100,1182,830,73.568,162.519,0.651
159,161,775,160,C2-Adipocites (2).tif,24699,1547.3120000000001,842.487,1543.273,1450,740,188,213,188.071,167.21200000000002,90.855,213.928,255,100,1516,947,75.37899999999999,175.4,0.6168
160,162,776,117,C2-Adipocites (2).tif,25430,2970.2859999999996,655.9580000000001,1816.2089999999998,2866,560,216,206,189.47299999999998,170.887,29.969,221.054,255,100,2866,673,12.276,191.636,0.5715
161,164,778,88,C2-Adipocites (2).tif,25894,1912.4070000000002,530.437,2155.731,1805,434,227,199,186.408,176.86599999999999,39.935,229.99599999999998,255,100,1805,566,9.258,193.233,0.5732
162,165,779,217,C2-Adipocites (2).tif,24250,1064.549,977.8330000000001,2558.692,963,861,194,247,230.84799999999998,133.751,70.343,286.923,255,100,967,1087,48.532,155.512,0.5061
163,166,780,63,C2-Adipocites (2).tif,26128,3404.921,419.74699999999996,1536.545,3308,319,192,203,192.22400000000002,173.065,85.74799999999999,210.94299999999998,255,100,3373,319,107.662,184.775,0.6704
164,167,781,136,C2-Adipocites (2).tif,26272,3366.66,763.305,1424.119,3268,666,196,207,215.58,155.165,62.726000000000006,222.05,255,100,3298,846,45.73,165.925,0.6475
165,168,782,571,C2-Adipocites (2).tif,26535,1864.6529999999998,2026.479,1819.381,1767,1890,194,247,227.645,148.41299999999998,81.04,247.291,255,100,1841,2137,87.219,175.52,0.5538
166,169,783,66,C2-Adipocites (2).tif,23179,3070.0170000000003,455.892,2645.361,2993,325,151,292,265.165,111.29799999999999,98.071,294.593,255,100,3058,325,97.60700000000001,137.338,0.5257
167,170,784,324,C2-Adipocites (2).tif,27500,3037.808,1259.781,1696.729,2944,1140,185,231,218.209,160.461,100.801,238.248,255,100,2988,1145,111.935,180.429,0.6435
168,171,785,299,C2-Adipocites (2).tif,26054,2606.083,1157.627,2115.045,2470,1050,259,223,253.332,130.947,32.701,277.8,255,100,2507,1272,53.048,169.31799999999998,0.4511
169,172,786,686,C2-Adipocites (2).tif,25755,2780.9629999999997,2455.8320000000003,2897.552,2675,2297,184,283,257.092,127.551,88.464,293.68,255,100,2740,2579,73.78699999999999,183.01,0.4946
170,174,788,541,C2-Adipocites (2).tif,28529,2547.5460000000003,1913.261,1598.487,2443,1797,212,232,236.993,153.27100000000002,130.139,254.796,255,100,2452,1828,130.065,176.06799999999998,0.58
171,175,789,118,C2-Adipocites (2).tif,30500,3193.887,664.933,1586.2020000000002,3089,561,209,221,219.959,176.55,73.095,232.407,255,100,3136,758,53.574,193.365,0.6603
172,176,790,279,C2-Adipocites (2).tif,26813,884.533,1212.365,2351.052,795,1012,171,352,286.452,119.18,84.28,352.88699999999994,255,100,901,1364,85.93799999999999,163.138,0.4455
173,178,792,542,C2-Adipocites (2).tif,32272,3858.7329999999997,1894.695,1394.42,3741,1801,245,196,222.769,184.451,15.802,254.94299999999998,255,100,3746,1910,19.714000000000002,192.11599999999999,0.6721
174,179,793,44,C2-Adipocites (2).tif,32802,1955.4520000000002,320.997,1565.374,1846,210,224,224,218.033,191.553,139.578,232.775,255,100,1923,212,107.501,201.082,0.6537
175,182,796,222,C2-Adipocites (2).tif,32135,671.062,989.643,2285.8979999999997,544,869,248,264,271.812,150.529,131.534,290.524,255,100,610,869,120.626,188.553,0.4908
176,183,797,67,C2-Adipocites (2).tif,30286,1672.869,443.94599999999997,1704.9129999999998,1528,335,290,210,302.221,127.59299999999999,163.68200000000002,292.308,255,100,1530,415,170.15099999999998,156.906,0.4973
177,184,798,247,C2-Adipocites (2).tif,33264,1248.944,1069.797,2598.206,1136,924,229,284,285.825,148.178,118.04,308.28700000000003,255,100,1184,927,114.736,171.125,0.5115
178,185,799,133,C2-Adipocites (2).tif,37124,2750.987,765.405,2174.099,2635,653,256,237,234.00900000000001,201.99099999999999,38.263000000000005,267.421,255,100,2663,850,46.818000000000005,220.769,0.6119
179,186,800,529,C2-Adipocites (2).tif,38765,620.8290000000001,1940.146,2917.3259999999996,469,1768,288,308,241.6,204.293,138.048,321.069,255,100,610,1769,107.024,269.51099999999997,0.437
180,187,801,415,C2-Adipocites (2).tif,40108,556.067,1553.28,2620.13,426,1426,285,245,276.945,184.394,12.243,293.002,255,100,428,1605,16.456,233.423,0.5744
181,188,802,6,C2-Adipocites (2).tif,41299,3301.54,152.01,2929.711,3200,8,217,363,322.176,163.214,81.189,366.54699999999997,255,100,3286,371,78.35300000000001,212.828,0.5243
182,189,803,102,C2-Adipocites (2).tif,41075,1552.244,617.789,3548.211,1400,498,339,262,325.236,160.80100000000002,24.51,353.726,255,100,1400,671,16.590999999999998,199.831,0.4625
183,190,804,673,C2-Adipocites (2).tif,41809,3116.8590000000004,2433.022,5050.597,2999,2228,247,385,331.106,160.773,100.036,391.695,255,100,3081,2228,104.036,232.373,0.4397
184,192,806,388,C2-Adipocites (2).tif,46496,1583.2779999999998,1506.715,2489.135,1471,1347,226,312,294.034,201.33900000000003,81.414,314.949,255,100,1575,1659,82.15299999999999,213.33900000000003,0.6594
