 ,Label,Area,X,Y,Perim.,BX,BY,Width,Height,Major,Minor,Angle,Feret,Median,%Area,FeretX,FeretY,FeretAngle,MinFeret
1,Image 7.tif (green),2381887,745.714,1084.459,61316.982,4,5,2524,3048,2091.684,1449.890,54.275,3495.984,255,100,16,3050,45.301,2495.594
2,Image 7.tif (green),2591523,3439.044,926.276,29009.748,1607,5,2482,3050,2620.893,1258.972,118.872,3904.404,255,100,1613,8,129.263,2009.085
3,Image 7.tif (green),105,1360.043,10.643,60.284,1349,7,23,9,19.203,6.962,177.887,23.345,255,100,1349,11,9.866,9.000
4,Image 7.tif (green),282,1513.631,14.915,125.640,1496,8,34,19,24.616,14.586,178.733,34.366,255,100,1496,13,8.366,19.000
5,Image 7.tif (green),471,1558.152,40.360,244.108,1532,14,48,43,29.633,20.238,37.274,48.508,255,100,1532,39,171.703,37.291
6,Image 7.tif (green),234,1335.915,23.385,139.882,1313,16,39,18,28.906,10.307,175.147,39.205,255,100,1313,23,174.144,16.516
7,Image 7.tif (green),103,1428.073,24.422,63.355,1421,16,18,16,13.532,9.691,177.872,18.974,255,100,1421,21,161.565,14.142
8,Image 7.tif (green),183,1473.828,33.533,75.012,1461,27,27,14,26.689,8.730,18.097,28.460,255,100,1461,39,18.435,12.737
9,Image 7.tif (green),220,1331.673,52.614,79.598,1323,43,17,24,20.204,13.864,102.232,25.495,255,100,1326,44,115.560,16.896
10,Image 7.tif (green),130,1488.523,50.431,54.284,1481,43,13,17,16.862,9.816,111.615,19.723,255,100,1483,43,120.466,12.017
11,Image 7.tif (green),172,1434.558,60.907,99.255,1418,56,35,13,31.100,7.042,8.712,35.228,255,100,1418,62,6.520,11.597
12,Image 7.tif (green),223,1633.119,75.083,86.669,1625,61,18,28,29.003,9.790,121.834,31.305,255,100,1626,61,116.565,13.529
13,Image 7.tif (green),126,1448.865,73.937,65.941,1442,66,16,16,13.802,11.624,144.437,19.209,255,100,1443,67,141.340,15.876
14,Image 7.tif (green),14616,1458.015,194.748,2320.986,1372,73,166,242,194.422,95.718,101.047,254.951,255,100,1397,83,115.560,165.648
15,Image 7.tif (green),2616,1534.531,122.209,630.299,1492,73,92,100,90.099,36.968,63.000,112.201,255,100,1494,158,36.666,60.653
16,Image 7.tif (green),551,1715.010,98.028,224.066,1695,73,46,54,38.971,18.002,116.783,59.548,255,100,1695,87,139.086,30.223
17,Image 7.tif (green),5713,1655.795,163.586,1310.698,1582,93,167,138,119.726,60.756,44.042,182.661,255,100,1582,226,23.899,116.300
18,Image 7.tif (green),108,1769.500,102.157,57.213,1762,96,15,16,14.616,9.408,152.517,21.260,255,100,1762,96,131.186,13.422
19,Image 7.tif (green),336,1601.179,126.167,178.853,1586,106,31,36,26.848,15.934,76.277,39.962,255,100,1586,140,58.299,23.513
20,Image 7.tif (green),157,1811.742,118.080,82.184,1801,109,20,17,20.480,9.760,141.656,25.612,255,100,1801,109,141.340,13.507
21,Image 7.tif (green),213,1322.650,126.430,151.196,1314,111,19,41,27.983,9.692,67.576,44.283,255,100,1314,152,64.592,18.122
22,Image 7.tif (green),353,1837.885,127.848,181.196,1820,112,36,37,31.073,14.464,44.990,42.190,255,100,1820,139,31.430,21.920
23,Image 7.tif (green),100,1502.560,130.450,60.770,1497,122,11,20,18.429,6.909,81.975,20.616,255,100,1498,141,67.166,11.000
24,Image 7.tif (green),193,1859.712,133.573,109.497,1853,123,17,26,21.407,11.479,102.049,31.064,255,100,1853,123,123.179,15.774
25,Image 7.tif (green),954,1777.405,162.369,372.919,1759,127,37,80,64.098,18.950,97.613,81.025,255,100,1770,128,102.836,31.300
26,Image 7.tif (green),691,1572.415,168.299,249.522,1554,140,41,50,35.748,24.611,87.256,55.902,255,100,1568,190,63.435,40.077
27,Image 7.tif (green),129,1274.857,148.508,62.284,1266,141,18,14,15.846,10.365,32.001,21.633,255,100,1266,153,33.690,14.000
28,Image 7.tif (green),117,1612.782,153.825,75.113,1602,141,20,21,16.496,9.030,106.883,22.361,255,100,1602,151,153.435,16.530
29,Image 7.tif (green),913,1698.284,198.581,445.446,1674,166,53,64,51.693,22.488,116.651,76.485,255,100,1674,171,131.820,37.554
30,Image 7.tif (green),33176,2036.465,281.611,2597.236,1880,184,340,186,291.620,144.849,166.178,366.391,255,100,1881,199,157.705,178.890
31,Image 7.tif (green),21126,1400.606,332.994,2975.385,1231,186,333,283,331.082,81.244,147.174,381.880,255,100,1255,187,134.151,148.570
32,Image 7.tif (green),126,1844.937,197.302,66.527,1838,187,14,22,17.944,8.940,79.585,23.770,255,100,1838,209,67.751,13.381
33,Image 7.tif (green),170,1533.106,203.241,77.841,1525,192,17,21,18.148,11.927,111.599,23.022,255,100,1528,192,124.380,15.421
34,Image 7.tif (green),330,1547.027,225.579,105.841,1536,208,21,32,26.073,16.115,103.644,32.558,255,100,1548,208,100.620,19.208
35,Image 7.tif (green),241,1657.674,221.280,109.983,1644,213,34,20,28.863,10.631,20.744,38.471,255,100,1644,233,27.897,16.545
36,Image 7.tif (green),167,1835.811,225.722,89.497,1826,213,17,23,20.463,10.391,71.654,25.495,255,100,1830,236,64.440,16.735
37,Image 7.tif (green),140,1802.414,229.171,112.225,1790,217,22,24,19.313,9.230,130.418,28.320,255,100,1790,220,132.138,15.765
38,Image 7.tif (green),4399,1577.715,310.260,1009.318,1524,255,111,100,82.448,67.933,33.639,119.921,255,100,1525,335,24.642,91.497
39,Image 7.tif (green),101,1568.569,274.243,85.355,1559,259,15,29,17.801,7.224,88.449,29.428,255,100,1568,288,80.218,14.190
40,Image 7.tif (green),5403,1737.911,318.507,409.747,1694,274,87,83,84.360,81.547,112.741,103.407,255,100,1696,291,142.465,83.000
41,Image 7.tif (green),119,1448.878,289.282,87.598,1432,286,35,8,28.723,5.275,2.944,35.228,255,100,1432,286,173.480,8.000
42,Image 7.tif (green),118,1454.203,298.119,62.042,1438,293,27,8,23.956,6.272,8.432,27.295,255,100,1438,301,8.427,8.000
43,Image 7.tif (green),103,1423.937,304.937,62.527,1418,298,17,18,13.577,9.660,98.087,18.974,255,100,1420,298,108.435,16.254
44,Image 7.tif (green),558,1897.186,327.599,236.409,1881,301,25,53,36.040,19.713,96.308,53.339,255,100,1897,354,83.541,25.000
45,Image 7.tif (green),238,2243.992,320.975,85.841,2232,310,23,23,19.924,15.209,23.885,25.554,255,100,2232,323,30.579,19.869
46,Image 7.tif (green),111,1116.842,342.194,87.841,1110,329,13,29,21.934,6.443,109.909,31.780,255,100,1110,329,114.146,11.411
47,Image 7.tif (green),184,1645.984,350.598,77.941,1639,341,18,20,21.276,11.011,59.715,26.173,255,100,1639,361,46.548,15.652
48,Image 7.tif (green),103,1529.228,349.791,57.113,1522,342,13,15,12.635,10.379,117.471,17.205,255,100,1525,343,125.538,13.000
49,Image 7.tif (green),204,1547.191,361.319,65.113,1538,350,19,18,20.107,12.918,150.844,24.083,255,100,1541,350,131.634,15.723
50,Image 7.tif (green),2023,1611.237,384.659,527.144,1554,350,97,69,76.770,33.552,14.085,106.452,255,100,1554,413,25.602,63.583
51,Image 7.tif (green),148,1943.662,367.297,108.083,1929,355,28,21,16.433,11.467,34.384,28.443,255,100,1929,366,10.125,18.357
52,Image 7.tif (green),147,1390.650,379.752,79.355,1383,367,15,23,21.794,8.588,102.408,26.926,255,100,1383,367,121.329,15.000
53,Image 7.tif (green),247,1367.549,379.289,89.740,1358,368,21,22,19.953,15.762,50.399,26.173,255,100,1359,390,43.452,20.466
54,Image 7.tif (green),134,1657.022,378.873,87.154,1650,370,14,20,16.523,10.326,94.862,20.881,255,100,1653,390,73.301,13.644
55,Image 7.tif (green),171,1125.067,385.336,85.355,1107,379,30,14,20.599,10.570,19.401,30.594,255,100,1107,385,11.310,13.396
56,Image 7.tif (green),101,1193.411,389.619,98.083,1182,379,20,20,16.806,7.652,130.257,22.825,255,100,1187,379,118.811,12.728
57,Image 7.tif (green),8640,1740.920,426.809,496.274,1684,379,116,97,117.541,93.591,169.138,125.363,255,100,1685,393,146.056,95.430
58,Image 7.tif (green),14484,2045.185,455.211,1029.945,1958,379,160,147,144.176,127.910,130.592,181.157,255,100,1958,399,137.237,145.327
59,Image 7.tif (green),19767,1902.730,480.591,1080.188,1817,392,174,172,170.952,147.223,123.177,200.122,255,100,1834,407,135.607,153.625
60,Image 7.tif (green),5114,2316.973,455.767,413.848,2279,412,80,94,90.764,71.740,106.015,98.615,255,100,2295,412,112.665,77.332
61,Image 7.tif (green),314,1008.389,432.538,128.225,992,421,28,25,23.582,16.953,19.728,30.871,255,100,992,436,24.905,22.373
62,Image 7.tif (green),111,1473.356,448.347,56.870,1463,442,16,13,12.963,10.903,133.775,20.000,255,100,1463,443,143.130,11.907
63,Image 7.tif (green),5170,1080.427,491.340,812.423,1032,448,94,94,84.854,77.576,155.116,111.126,255,100,1041,454,137.553,92.079
64,Image 7.tif (green),27312,2595.887,572.070,1518.847,2488,455,224,238,266.760,130.360,45.216,265.707,255,100,2542,693,56.669,161.378
65,Image 7.tif (green),170,1480.876,476.159,85.012,1471,463,18,25,20.777,10.418,112.433,28.178,255,100,1476,463,117.474,15.535
66,Image 7.tif (green),349,980.847,493.262,168.510,961,481,34,29,28.670,15.499,165.527,38.013,255,100,964,487,144.638,27.904
67,Image 7.tif (green),156,1015.737,489.019,106.811,998,482,31,15,22.598,8.790,172.661,32.016,255,100,998,489,165.530,13.829
68,Image 7.tif (green),8944,1767.642,548.266,611.227,1707,494,114,113,124.904,91.173,138.989,139.313,255,100,1708,509,140.826,97.523
69,Image 7.tif (green),161,969.879,512.140,75.012,958,501,22,19,20.471,10.014,34.156,26.627,255,100,958,516,34.287,14.601
70,Image 7.tif (green),908,1015.011,550.489,243.966,995,528,39,44,43.886,26.343,119.112,53.009,255,100,997,529,125.789,36.909
71,Image 7.tif (green),9834,1130.931,604.443,663.997,1060,542,144,115,132.373,94.589,155.000,150.053,255,100,1064,577,158.908,113.492
72,Image 7.tif (green),328,1381.966,556.854,182.167,1366,543,29,26,24.106,17.324,155.995,35.384,255,100,1369,543,132.709,24.822
73,Image 7.tif (green),253,879.856,561.595,155.196,864,550,43,23,27.009,11.927,179.620,43.417,255,100,864,570,7.943,22.719
74,Image 7.tif (green),193,1337.847,566.163,109.154,1325,554,28,22,23.899,10.282,139.679,30.871,255,100,1325,559,155.095,15.594
75,Image 7.tif (green),727,1210.660,579.299,219.380,1191,558,33,50,43.862,21.104,106.114,50.160,255,100,1212,608,85.426,28.515
76,Image 7.tif (green),361,906.816,578.004,136.024,894,567,32,22,26.651,17.246,167.859,33.838,255,100,894,572,161.030,21.086
77,Image 7.tif (green),162,1901.012,571.951,77.941,1884,567,31,9,30.204,6.829,2.775,31.257,255,100,1884,575,7.352,8.513
78,Image 7.tif (green),17461,1928.516,686.977,1172.715,1844,569,175,223,229.138,97.024,112.384,232.845,255,100,1853,591,125.738,138.826
79,Image 7.tif (green),4874,1030.308,648.026,777.737,984,593,90,109,91.230,68.024,114.097,109.073,255,100,1033,702,87.898,80.647
80,Image 7.tif (green),215,2680.147,630.793,94.669,2667,614,22,27,26.240,10.433,53.719,33.601,255,100,2669,641,53.471,14.689
81,Image 7.tif (green),4297,2656.783,673.545,536.943,2611,627,95,101,76.320,71.686,91.503,109.772,255,100,2631,627,113.062,81.067
82,Image 7.tif (green),126,874.079,644.079,95.497,861,638,26,15,19.399,8.270,7.853,26.926,255,100,861,647,15.068,14.865
83,Image 7.tif (green),186,1382.151,654.597,85.497,1368,643,26,19,24.862,9.525,27.925,28.636,255,100,1368,660,24.775,14.240
84,Image 7.tif (green),139,861.737,659.428,73.355,856,650,11,25,23.199,7.629,103.098,26.926,255,100,856,650,111.801,10.522
85,Image 7.tif (green),261,1206.354,666.561,168.752,1189,650,29,32,20.347,16.333,109.063,32.757,255,100,1205,650,102.339,26.792
86,Image 7.tif (green),1094,943.984,688.042,436.375,911,662,63,52,53.173,26.196,151.987,73.246,255,100,912,664,147.829,43.655
87,Image 7.tif (green),3989,2751.444,715.339,628.098,2704,662,99,92,77.624,65.430,40.469,102.883,255,100,2704,744,15.792,78.483
88,Image 7.tif (green),200,1359.405,674.705,112.468,1338,664,35,22,30.676,8.301,27.995,38.079,255,100,1338,683,23.199,14.181
89,Image 7.tif (green),4614,1115.224,716.423,791.009,1056,676,110,94,99.835,58.844,27.073,116.709,255,100,1056,720,19.522,75.356
90,Image 7.tif (green),209,798.553,695.074,93.740,786,684,30,21,26.815,9.924,32.684,34.000,255,100,786,702,28.072,14.142
91,Image 7.tif (green),195,1319.100,688.736,101.841,1296,684,40,13,31.179,7.963,179.515,40.112,255,100,1296,689,4.289,13.000
92,Image 7.tif (green),120,826.458,694.025,54.527,819,686,14,19,17.288,8.838,118.234,21.471,255,100,820,686,117.759,12.075
93,Image 7.tif (green),8541,1210.991,757.389,868.992,1136,699,141,108,140.536,77.381,37.944,155.657,255,100,1141,801,35.324,94.088
94,Image 7.tif (green),10135,1365.951,760.189,722.281,1292,706,149,111,135.360,95.333,11.488,150.615,255,100,1292,772,8.399,110.881
95,Image 7.tif (green),560,913.030,716.862,262.936,880,707,65,21,50.521,14.113,178.168,65.490,255,100,880,713,172.983,20.943
96,Image 7.tif (green),12671,2590.873,776.858,781.436,2519,711,156,130,139.969,115.263,174.144,156.924,255,100,2519,788,6.219,127.839
97,Image 7.tif (green),336,865.943,732.086,120.811,853,716,30,27,25.122,17.029,157.588,31.385,255,100,865,716,120.651,24.657
98,Image 7.tif (green),7240,996.662,775.525,643.855,938,724,120,104,107.621,85.655,19.372,120.619,255,100,938,789,11.962,92.438
99,Image 7.tif (green),3223,846.218,788.634,535.186,799,748,85,78,73.433,55.883,31.548,88.023,255,100,799,796,21.318,69.503
100,Image 7.tif (green),9428,1502.331,809.652,661.713,1435,752,137,111,119.932,100.091,170.333,138.311,255,100,1435,806,172.104,105.591
101,Image 7.tif (green),227,1871.359,774.786,129.054,1851,767,39,16,27.612,10.467,0.839,39.115,255,100,1851,775,4.399,15.862
102,Image 7.tif (green),108,905.231,786.907,62.870,901,777,8,23,20.486,6.712,84.686,23.345,255,100,901,777,99.866,8.000
103,Image 7.tif (green),5643,2458.917,817.924,480.801,2408,777,107,87,97.970,73.337,24.048,108.342,255,100,2408,831,9.028,83.822
104,Image 7.tif (green),4563,2750.815,819.982,497.144,2696,782,101,85,97.855,59.372,146.437,111.647,255,100,2700,789,149.300,68.551
105,Image 7.tif (green),176,1984.949,796.210,127.397,1966,791,34,12,27.752,8.075,173.930,35.171,255,100,1966,794,165.174,12.000
106,Image 7.tif (green),21373,1057.010,939.505,3126.280,899,799,262,263,171.830,158.371,119.132,274.221,255,100,904,980,41.304,235.120
107,Image 7.tif (green),712,895.031,819.854,151.439,863,804,50,30,39.385,23.018,22.960,53.852,255,100,863,832,21.801,29.918
108,Image 7.tif (green),10081,1280.441,916.208,1080.614,1223,804,116,197,150.207,85.452,97.523,198.338,255,100,1241,1001,83.341,113.262
109,Image 7.tif (green),3580,1162.903,839.222,710.098,1101,807,122,60,107.852,42.263,178.797,122.332,255,100,1101,837,4.219,57.815
110,Image 7.tif (green),136,2002.434,817.566,90.083,1995,807,15,25,19.956,8.677,108.438,27.313,255,100,1995,807,113.749,13.170
111,Image 7.tif (green),310,938.694,835.055,151.196,927,813,25,44,31.329,12.599,117.333,45.880,255,100,931,813,106.460,20.670
112,Image 7.tif (green),4223,1380.742,852.274,603.529,1311,816,126,68,107.049,50.228,4.777,126.396,255,100,1311,852,4.538,67.932
113,Image 7.tif (green),5000,2662.777,872.854,380.333,2611,825,107,80,91.676,69.443,171.517,111.683,255,100,2611,864,163.350,79.426
114,Image 7.tif (green),14637,2530.555,908.610,842.749,2446,839,168,143,149.906,124.321,176.302,168.962,255,100,2446,899,173.884,139.804
115,Image 7.tif (green),355,832.754,855.283,119.397,821,840,22,31,29.099,15.533,83.025,33.615,255,100,830,871,67.249,20.506
116,Image 7.tif (green),2502,877.709,874.744,546.215,847,840,76,70,59.532,53.512,100.153,76.236,255,100,847,878,4.514,64.554
117,Image 7.tif (green),561,773.402,872.188,228.551,751,849,35,52,36.363,19.643,86.666,54.708,255,100,765,901,71.896,35.000
118,Image 7.tif (green),253,2830.053,883.508,117.054,2812,867,32,30,27.065,11.902,134.953,34.670,255,100,2823,867,123.232,22.608
119,Image 7.tif (green),367,818.822,885.931,131.296,793,874,43,21,34.679,13.475,11.493,45.222,255,100,793,892,18.034,18.974
120,Image 7.tif (green),12401,1542.089,928.977,737.955,1470,875,145,109,145.289,108.676,171.324,164.469,255,100,1470,889,146.407,108.323
121,Image 7.tif (green),237,2784.681,890.774,121.054,2764,883,38,15,30.152,10.008,171.087,38.053,255,100,2764,885,176.987,14.321
122,Image 7.tif (green),6705,1404.343,936.267,675.855,1338,889,126,96,122.721,69.565,26.113,144.845,255,100,1339,982,35.446,83.720
123,Image 7.tif (green),5427,1177.983,945.860,611.227,1123,902,100,101,94.199,73.354,36.945,106.977,255,100,1177,1003,69.193,85.578
124,Image 7.tif (green),123,2780.939,915.085,80.083,2773,904,18,21,19.486,8.037,134.081,24.759,255,100,2773,904,136.637,11.097
125,Image 7.tif (green),135,2164.137,930.515,88.225,2151,923,25,15,22.476,7.648,12.907,25.962,255,100,2151,934,15.642,13.257
126,Image 7.tif (green),224,1090.884,932.143,108.669,1070,924,40,18,37.555,7.594,163.469,41.485,255,100,1070,927,164.624,12.069
127,Image 7.tif (green),116,2804.612,937.672,65.213,2792,933,25,8,23.444,6.300,174.656,25.962,255,100,2792,934,164.358,8.000
128,Image 7.tif (green),6540,2671.595,971.323,467.688,2611,934,116,84,107.775,77.262,171.921,117.546,255,100,2611,968,9.302,83.096
129,Image 7.tif (green),8357,2802.312,1006.038,793.838,2740,951,131,106,114.713,92.757,179.731,144.014,255,100,2753,956,142.334,104.381
130,Image 7.tif (green),209,2911.816,979.983,83.012,2906,969,15,24,21.514,12.369,72.126,26.420,255,100,2908,993,60.524,15.000
131,Image 7.tif (green),105,1387.500,982.243,51.456,1380,975,14,13,13.211,10.119,59.983,17.029,255,100,1380,988,49.764,12.612
132,Image 7.tif (green),5556,975.544,1022.692,629.227,910,982,129,86,127.577,55.450,160.278,133.664,255,100,910,1007,164.820,65.846
133,Image 7.tif (green),153,2556.958,988.082,102.184,2535,983,42,9,38.079,5.116,177.978,42.048,255,100,2535,986,177.274,8.882
134,Image 7.tif (green),9819,2573.116,1047.776,544.600,2508,984,140,123,121.977,102.494,19.770,145.602,255,100,2508,1076,15.945,109.003
135,Image 7.tif (green),6259,1422.787,1025.990,475.061,1367,987,111,84,113.755,70.056,13.322,119.269,255,100,1375,1054,33.024,76.413
136,Image 7.tif (green),3628,1297.846,1033.529,539.973,1230,997,117,69,97.519,47.369,8.894,117.686,255,100,1230,1031,12.265,57.270
137,Image 7.tif (green),248,823.718,1006.383,103.497,806,998,35,15,29.473,10.714,176.655,35.128,255,100,806,1006,175.101,14.135
138,Image 7.tif (green),826,1184.701,1023.844,238.794,1166,1002,40,45,45.208,23.264,51.364,55.866,255,100,1166,1043,45.725,30.806
139,Image 7.tif (green),8091,1545.567,1045.165,507.647,1481,1003,123,89,121.697,84.651,7.983,132.401,255,100,1481,1066,21.721,86.847
140,Image 7.tif (green),279,828.977,1039.009,144.368,814,1027,31,26,21.350,16.639,172.900,32.280,255,100,814,1037,163.811,24.042
141,Image 7.tif (green),7986,2705.331,1083.797,483.931,2643,1032,125,100,115.560,87.990,173.812,125.036,255,100,2643,1088,1.375,97.175
142,Image 7.tif (green),224,1111.067,1053.228,139.882,1098,1042,34,22,24.615,11.586,8.278,34.928,255,100,1098,1060,13.241,20.333
143,Image 7.tif (green),105,4.967,1075.567,114.485,4,1046,2,56,60.027,2.227,90.200,56.036,255,100,4,1046,92.045,2.000
144,Image 7.tif (green),127,2515.295,1060.280,80.770,2507,1046,15,20,14.515,11.140,57.572,22.825,255,100,2507,1066,61.189,15.000
145,Image 7.tif (green),7281,929.151,1092.783,771.879,861,1048,135,96,140.622,65.925,157.622,150.333,255,100,863,1062,146.944,77.160
146,Image 7.tif (green),144,2754.139,1058.653,68.527,2746,1048,15,19,17.835,10.280,120.617,22.804,255,100,2746,1048,127.875,13.829
147,Image 7.tif (green),15288,722.753,1162.841,1465.634,622,1055,204,204,223.677,87.024,41.689,270.867,255,100,622,1244,43.953,117.282
148,Image 7.tif (green),182,1248.286,1067.033,94.083,1235,1059,28,18,21.466,10.795,158.268,28.160,255,100,1235,1065,173.884,15.934
149,Image 7.tif (green),164,592.012,1068.299,71.799,586,1060,14,18,18.620,11.214,75.952,22.204,255,100,587,1078,54.162,13.533
150,Image 7.tif (green),9354,1085.578,1111.087,851.436,1018,1062,141,113,131.354,90.670,179.305,147.733,255,100,1020,1144,23.962,106.662
151,Image 7.tif (green),220,2226.595,1072.345,108.669,2218,1062,15,28,21.952,12.760,89.484,28.443,255,100,2223,1062,100.125,15.000
152,Image 7.tif (green),5930,2854.578,1108.917,483.889,2789,1073,122,81,113.950,66.260,171.300,123.045,255,100,2789,1093,172.528,79.921
153,Image 7.tif (green),6194,1321.166,1112.571,598.500,1257,1074,122,79,114.618,68.807,2.593,124.326,255,100,1260,1134,16.832,75.249
154,Image 7.tif (green),1081,1225.387,1102.807,233.823,1200,1077,44,59,44.660,30.819,78.009,59.304,255,100,1226,1077,95.807,35.383
155,Image 7.tif (green),900,596.622,1100.769,137.640,578,1083,37,36,34.843,32.888,49.184,40.706,255,100,578,1110,27.824,34.627
156,Image 7.tif (green),210,470.133,1090.576,71.598,459,1084,23,18,18.822,14.206,16.874,23.345,255,100,459,1093,9.866,17.553
157,Image 7.tif (green),6240,1442.353,1132.320,415.747,1385,1084,108,92,102.491,77.519,38.433,119.013,255,100,1385,1160,24.842,85.766
158,Image 7.tif (green),16330,2504.278,1190.525,1377.308,2415,1090,179,197,199.529,104.205,134.213,216.601,255,100,2471,1090,118.695,137.036
159,Image 7.tif (green),100,2994.550,1108.910,102.569,2983,1098,19,20,11.901,10.698,17.539,21.190,255,100,2995,1098,109.290,19.000
160,Image 7.tif (green),103,3040.228,1112.306,85.497,3032,1098,20,26,21.058,6.228,133.363,32.802,255,100,3032,1098,127.569,11.938
161,Image 7.tif (green),190,662.389,1105.884,79.113,648,1101,30,10,25.917,9.334,170.191,31.048,255,100,648,1101,165.069,10.000
162,Image 7.tif (green),178,1193.140,1119.135,116.569,1184,1106,20,24,19.200,11.804,51.906,28.601,255,100,1184,1129,53.531,20.000
163,Image 7.tif (green),3993,1542.152,1151.180,348.149,1504,1117,79,73,86.286,58.921,49.852,102.069,255,100,1504,1187,41.028,67.113
164,Image 7.tif (green),3535,2608.100,1151.471,334.877,2563,1117,106,63,94.721,47.518,164.351,110.164,255,100,2563,1134,164.197,57.380
165,Image 7.tif (green),146,630.658,1125.986,102.912,614,1119,32,12,25.624,7.255,171.948,32.757,255,100,614,1123,167.661,11.039
166,Image 7.tif (green),339,855.102,1147.382,209.480,831,1124,48,38,32.275,13.373,154.466,48.508,255,100,831,1146,171.703,31.404
167,Image 7.tif (green),106,1672.736,1131.745,44.971,1666,1127,16,10,13.701,9.851,8.607,16.279,255,100,1666,1130,169.380,10.000
168,Image 7.tif (green),117,585.953,1138.953,69.255,575,1132,21,14,18.411,8.091,22.988,22.847,255,100,575,1141,23.199,11.699
169,Image 7.tif (green),129014,2134.329,1407.617,8344.769,1711,1136,744,556,514.072,319.538,154.786,770.762,255,100,1711,1306,164.575,480.708
170,Image 7.tif (green),111,571.014,1150.482,75.012,566,1140,10,27,19.944,7.086,92.341,27.074,255,100,569,1140,94.236,9.882
171,Image 7.tif (green),15332,2788.394,1207.442,655.370,2693,1144,183,133,174.281,112.010,154.816,192.317,255,100,2694,1168,160.246,118.700
172,Image 7.tif (green),250,1025.120,1163.616,111.397,1012,1148,26,31,33.175,9.595,125.933,36.878,255,100,1012,1150,130.601,15.816
173,Image 7.tif (green),168,2924.571,1167.726,80.426,2917,1155,16,27,25.108,8.519,113.157,30.414,255,100,2917,1155,117.408,11.884
174,Image 7.tif (green),235,809.517,1165.989,76.184,797,1158,27,15,24.109,12.411,18.119,28.460,255,100,797,1171,18.435,15.000
175,Image 7.tif (green),303,837.424,1178.827,128.225,821,1162,33,26,23.437,16.461,21.150,36.069,255,100,821,1187,43.877,25.970
176,Image 7.tif (green),7137,1185.525,1217.882,644.399,1136,1163,106,107,107.512,84.522,67.478,127.988,255,100,1141,1266,44.683,100.688
177,Image 7.tif (green),126,522.317,1177.516,62.770,514,1169,18,16,18.916,8.481,39.227,24.083,255,100,514,1185,41.634,11.147
178,Image 7.tif (green),1927,976.267,1207.933,484.659,951,1170,53,82,61.859,39.663,102.739,82.219,255,100,967,1170,94.185,52.363
179,Image 7.tif (green),1865,1314.231,1196.459,405.061,1281,1171,66,62,52.218,45.475,53.258,72.863,255,100,1297,1232,46.668,60.808
180,Image 7.tif (green),138,413.551,1182.217,76.770,404,1173,18,19,14.658,11.987,152.249,20.518,255,100,404,1178,136.975,17.154
181,Image 7.tif (green),170,905.518,1189.276,104.912,899,1175,12,32,26.007,8.323,83.569,32.280,255,100,901,1207,73.811,11.595
182,Image 7.tif (green),146,1085.596,1184.212,85.740,1075,1175,19,20,19.464,9.550,58.025,26.907,255,100,1076,1195,48.013,13.546
183,Image 7.tif (green),159,484.613,1188.506,114.225,467,1177,38,20,31.157,6.498,17.981,40.497,255,100,467,1193,20.225,11.754
184,Image 7.tif (green),371,805.131,1192.856,136.368,788,1179,37,27,28.680,16.470,32.964,38.079,255,100,788,1202,13.671,25.923
185,Image 7.tif (green),917,524.875,1203.927,209.238,502,1186,45,34,39.495,29.562,162.894,50.120,255,100,502,1192,151.390,33.596
186,Image 7.tif (green),1101,2922.502,1215.570,315.907,2889,1187,68,47,55.199,25.396,158.135,75.153,255,100,2889,1191,154.799,38.475
187,Image 7.tif (green),437,1373.537,1203.486,174.267,1357,1188,37,37,36.397,15.287,42.516,50.249,255,100,1357,1223,42.580,25.279
188,Image 7.tif (green),108,2517.639,1193.926,59.941,2508,1188,17,13,16.071,8.556,143.729,19.235,255,100,2508,1192,152.103,11.833
189,Image 7.tif (green),8213,2665.414,1245.805,677.328,2616,1188,108,114,104.439,100.127,95.070,121.202,255,100,2621,1286,33.559,107.339
190,Image 7.tif (green),13253,2370.191,1252.876,632.541,2297,1189,146,136,141.802,118.998,144.425,154.029,255,100,2312,1201,129.996,135.043
191,Image 7.tif (green),110,857.691,1204.500,65.456,851,1190,12,25,21.022,6.662,96.523,25.179,255,100,855,1190,96.843,11.813
192,Image 7.tif (green),191,887.814,1202.050,99.983,878,1190,22,28,17.520,13.880,92.617,29.120,255,100,883,1190,105.945,19.208
193,Image 7.tif (green),5101,1420.283,1242.527,545.872,1366,1191,107,98,98.865,65.694,37.759,114.586,255,100,1376,1273,32.164,84.498
194,Image 7.tif (green),29502,811.176,1299.867,1226.614,701,1195,285,218,250.442,149.987,14.671,302.769,255,100,712,1411,26.904,173.754
195,Image 7.tif (green),791,445.638,1215.552,377.362,421,1196,52,51,38.149,26.400,22.806,63.891,255,100,425,1247,50.080,48.363
196,Image 7.tif (green),664,1236.919,1217.361,185.782,1219,1201,34,33,32.434,26.066,156.254,41.037,255,100,1220,1205,136.975,32.920
197,Image 7.tif (green),144,591.938,1215.660,91.497,585,1205,18,21,14.165,12.944,32.954,21.401,255,100,586,1225,37.405,18.000
198,Image 7.tif (green),137,1287.974,1216.799,71.113,1281,1205,16,20,16.516,10.562,125.082,24.839,255,100,1281,1205,130.101,14.471
199,Image 7.tif (green),133,571.914,1217.831,91.154,558,1210,24,20,21.922,7.725,35.100,29.000,255,100,561,1230,43.603,11.706
200,Image 7.tif (green),104,2199.596,1216.750,54.042,2194,1212,15,11,13.184,10.044,7.998,17.000,255,100,2194,1212,151.928,11.000
201,Image 7.tif (green),2752,3002.754,1264.167,522.801,2969,1214,93,87,69.388,50.498,41.295,97.082,255,100,2970,1280,18.622,66.468
202,Image 7.tif (green),5329,1052.758,1271.121,911.862,1003,1217,103,114,97.363,69.689,96.204,116.760,255,100,1033,1219,106.417,91.479
203,Image 7.tif (green),5400,1560.184,1270.568,421.002,1519,1221,86,97,92.916,73.997,117.873,99.403,255,100,1520,1241,143.591,78.457
204,Image 7.tif (green),109,1352.179,1233.096,76.912,1346,1224,15,17,15.101,9.191,57.593,19.849,255,100,1346,1239,40.914,12.348
205,Image 7.tif (green),130,893.677,1235.238,68.770,889,1226,11,22,19.070,8.680,81.864,22.825,255,100,889,1248,61.189,11.000
206,Image 7.tif (green),175,1902.620,1244.889,67.698,1895,1238,20,14,17.410,12.798,12.471,21.541,255,100,1895,1252,21.801,14.000
207,Image 7.tif (green),114,576.675,1248.281,59.113,568,1240,15,16,13.270,10.938,39.294,17.692,255,100,569,1254,47.291,14.960
208,Image 7.tif (green),1351,1333.997,1269.511,288.735,1304,1243,60,58,71.009,24.224,137.259,77.156,255,100,1308,1243,132.374,29.827
209,Image 7.tif (green),950,644.121,1278.246,310.149,627,1246,40,63,49.128,24.621,109.822,65.521,255,100,645,1246,105.945,33.227
210,Image 7.tif (green),7862,642.457,1381.176,2050.133,577,1254,122,223,137.034,73.049,76.046,233.728,255,100,628,1477,72.573,115.650
211,Image 7.tif (green),17116,2454.694,1359.385,1464.965,2357,1255,182,205,193.695,112.511,59.994,207.200,255,100,2357,1394,36.759,142.587
212,Image 7.tif (green),250,600.372,1281.048,121.640,590,1264,22,30,19.849,16.037,103.888,30.265,255,100,600,1264,97.595,21.169
213,Image 7.tif (green),4375,1455.055,1323.767,681.713,1386,1264,121,95,107.880,51.635,25.552,130.188,255,100,1387,1344,24.990,72.298
214,Image 7.tif (green),4154,1290.395,1312.178,750.867,1236,1269,111,85,95.546,55.356,147.365,115.248,255,100,1236,1291,164.396,71.925
215,Image 7.tif (green),206,2915.306,1280.670,150.468,2903,1270,28,24,20.159,13.011,148.422,31.401,255,100,2906,1270,142.765,22.913
216,Image 7.tif (green),112,1216.884,1290.705,83.698,1212,1281,12,20,17.499,8.149,86.396,22.361,255,100,1212,1301,63.435,12.000
217,Image 7.tif (green),913,1182.499,1292.405,159.296,1157,1282,51,26,50.053,23.225,178.754,52.393,255,100,1157,1284,166.759,26.000
218,Image 7.tif (green),138,3119.500,1286.348,64.284,3106,1283,26,8,25.716,6.832,176.210,26.306,255,100,3106,1283,171.254,8.000
219,Image 7.tif (green),9074,2849.475,1348.569,534.701,2792,1289,112,119,112.510,102.688,118.975,128.004,255,100,2808,1302,134.050,107.480
220,Image 7.tif (green),252,358.167,1310.782,168.167,345,1290,26,44,31.051,10.333,98.342,45.122,255,100,346,1290,102.804,21.947
221,Image 7.tif (green),153,3122.912,1305.023,110.326,3109,1294,25,21,19.076,10.212,140.556,27.313,255,100,3109,1298,156.251,16.373
222,Image 7.tif (green),7670,2728.576,1344.755,609.428,2664,1296,117,105,105.149,92.875,31.284,125.925,255,100,2664,1319,157.100,92.381
223,Image 7.tif (green),499,341.402,1336.133,342.576,326,1299,28,64,38.100,16.676,73.574,65.307,255,100,337,1363,78.518,27.860
224,Image 7.tif (green),13209,2599.018,1383.180,834.607,2515,1302,159,151,148.164,113.510,127.996,160.655,255,100,2515,1394,171.769,133.297
225,Image 7.tif (green),5135,1178.532,1356.254,1036.715,1115,1308,128,93,105.537,61.951,153.510,136.693,255,100,1116,1326,157.187,90.125
226,Image 7.tif (green),179,629.075,1317.556,90.669,611,1311,30,13,25.048,9.099,11.109,30.806,255,100,611,1320,13.134,12.659
227,Image 7.tif (green),24081,1609.194,1411.097,2471.454,1489,1315,246,182,228.910,133.943,6.727,253.949,255,100,1490,1378,156.564,170.081
228,Image 7.tif (green),10781,2995.352,1373.159,763.838,2917,1317,154,112,129.444,106.045,167.236,154.935,255,100,2917,1386,6.299,111.825
229,Image 7.tif (green),117719,985.245,1518.211,5116.915,754,1318,485,384,440.733,340.080,169.961,513.439,255,100,762,1411,154.134,381.256
230,Image 7.tif (green),308,1248.062,1343.299,130.225,1237,1324,25,41,38.974,10.062,117.653,46.530,255,100,1240,1324,118.217,15.158
231,Image 7.tif (green),125,2233.588,1340.324,102.184,2227,1326,17,25,15.254,10.434,93.178,25.495,255,100,2232,1326,101.310,16.518
232,Image 7.tif (green),271,3110.013,1343.707,158.125,3084,1326,44,32,36.946,9.339,149.177,52.010,255,100,3084,1326,142.028,16.413
233,Image 7.tif (green),153,3150.611,1339.258,107.154,3141,1326,18,29,21.979,8.863,76.229,31.016,255,100,3147,1355,69.228,14.987
234,Image 7.tif (green),214,639.921,1337.065,114.912,622,1329,35,17,25.916,10.514,162.855,35.228,255,100,622,1333,173.480,14.735
235,Image 7.tif (green),185,2249.614,1355.165,114.811,2237,1340,23,25,21.543,10.934,128.192,29.069,255,100,2240,1343,130.815,18.036
236,Image 7.tif (green),110,1159.518,1372.227,101.497,1150,1362,19,20,13.454,10.410,58.445,20.881,255,100,1158,1362,106.699,17.278
237,Image 7.tif (green),19262,1806.030,1450.090,912.607,1723,1367,170,166,167.082,146.785,36.776,184.043,255,100,1746,1514,42.357,151.729
238,Image 7.tif (green),138,2267.877,1375.138,60.527,2258,1367,18,16,20.685,8.494,138.363,22.804,255,100,2258,1368,142.125,12.728
239,Image 7.tif (green),677,2309.534,1387.893,273.522,2287,1368,46,37,39.198,21.991,33.866,51.430,255,100,2287,1393,26.565,32.868
240,Image 7.tif (green),3538,1298.330,1418.384,768.181,1240,1376,106,88,78.168,57.629,19.605,111.018,255,100,1240,1431,29.105,79.404
241,Image 7.tif (green),9372,1955.602,1434.212,714.198,1891,1376,130,113,134.984,88.402,155.126,147.828,255,100,1896,1396,146.310,95.077
242,Image 7.tif (green),8303,3141.821,1429.289,586.500,3084,1377,124,104,117.016,90.344,152.442,132.310,255,100,3089,1383,145.469,102.530
243,Image 7.tif (green),326,543.929,1391.742,172.024,527,1380,32,28,23.192,17.897,150.637,39.051,255,100,529,1383,140.194,26.205
244,Image 7.tif (green),14274,1414.855,1448.900,893.678,1342,1382,142,150,138.041,131.658,81.612,160.016,255,100,1345,1399,149.589,137.871
245,Image 7.tif (green),235,529.002,1411.130,165.196,511,1401,36,25,25.922,11.543,164.077,39.395,255,100,511,1404,156.038,21.466
246,Image 7.tif (green),2318,2785.096,1428.702,379.120,2743,1404,89,56,68.819,42.886,2.072,91.444,255,100,2743,1455,13.276,50.116
247,Image 7.tif (green),2314,2713.285,1448.281,403.990,2683,1415,66,66,57.491,51.247,54.086,76.851,255,100,2684,1462,32.242,63.149
248,Image 7.tif (green),11421,2931.501,1483.817,757.210,2855,1416,140,136,152.825,95.152,137.803,171.026,255,100,2855,1442,142.125,108.492
249,Image 7.tif (green),160,504.512,1428.375,84.912,493,1421,24,15,21.159,9.628,0.933,25.000,255,100,493,1430,16.260,13.768
250,Image 7.tif (green),7065,2537.644,1487.674,1026.188,2461,1428,152,130,118.710,75.776,12.177,170.950,255,100,2461,1554,28.664,116.888
251,Image 7.tif (green),113,2741.898,1438.279,46.971,2734,1433,14,12,14.727,9.769,132.325,17.205,255,100,2734,1433,144.462,12.000
252,Image 7.tif (green),133,577.289,1452.154,58.627,568,1447,22,11,16.421,10.313,168.115,22.804,255,100,568,1449,164.745,11.000
253,Image 7.tif (green),1079,3244.654,1485.599,262.208,3229,1449,37,68,61.894,22.197,106.225,74.706,255,100,3231,1449,117.937,30.983
254,Image 7.tif (green),6005,3057.190,1502.255,552.357,3012,1451,101,99,91.015,84.006,157.673,105.475,255,100,3015,1536,21.701,95.711
255,Image 7.tif (green),227,1258.919,1469.681,123.054,1240,1456,36,28,36.194,7.985,32.602,44.407,255,100,1240,1484,35.838,12.526
256,Image 7.tif (green),139,2234.917,1467.637,78.770,2223,1458,26,17,23.886,7.409,154.756,28.178,255,100,2223,1459,152.526,12.055
257,Image 7.tif (green),1083,593.297,1485.337,309.078,558,1463,59,42,42.654,32.328,15.037,59.304,255,100,558,1496,5.807,42.000
258,Image 7.tif (green),16117,1682.290,1544.292,1658.285,1594,1468,222,151,181.149,113.281,173.090,224.840,255,100,1614,1494,148.643,149.554
259,Image 7.tif (green),7844,2802.669,1519.630,634.500,2724,1468,139,99,119.859,83.325,3.985,139.129,255,100,2724,1540,2.472,96.293
260,Image 7.tif (green),6984,723.286,1529.035,1239.024,641,1469,135,111,102.646,86.630,14.124,142.088,255,100,643,1555,20.603,109.258
261,Image 7.tif (green),4064,2661.924,1521.481,404.375,2622,1475,81,97,96.653,53.536,120.116,101.843,255,100,2647,1475,109.502,62.633
262,Image 7.tif (green),17756,1304.230,1563.532,799.838,1225,1480,165,165,151.095,149.625,130.588,171.292,255,100,1225,1543,164.422,156.700
263,Image 7.tif (green),492,684.984,1504.626,199.581,671,1484,25,41,31.890,19.644,77.416,41.049,255,100,684,1525,87.207,25.000
264,Image 7.tif (green),11800,1498.379,1550.102,957.377,1426,1486,181,137,167.269,89.821,29.710,196.698,255,100,1426,1588,23.046,99.241
265,Image 7.tif (green),23701,1939.303,1570.232,1148.916,1835,1486,202,174,194.439,155.201,163.589,202.410,255,100,1835,1576,10.533,167.869
266,Image 7.tif (green),163,1247.291,1499.629,97.397,1236,1490,26,23,22.535,9.210,37.072,28.636,255,100,1236,1509,24.775,14.518
267,Image 7.tif (green),7702,3161.381,1556.041,788.909,3106,1500,118,114,118.827,82.527,60.793,129.356,255,100,3106,1578,24.187,95.055
268,Image 7.tif (green),178,2454.236,1537.888,110.326,2445,1524,16,29,21.829,10.382,81.635,29.428,255,100,2455,1553,80.218,16.000
269,Image 7.tif (green),581,604.848,1558.992,194.409,585,1537,40,38,34.284,21.577,49.418,44.654,255,100,596,1574,55.954,30.513
270,Image 7.tif (green),7984,2552.157,1589.058,579.245,2495,1540,118,97,118.789,85.576,165.493,132.246,255,100,2506,1541,134.081,85.906
271,Image 7.tif (green),6813,2314.000,1610.147,588.014,2255,1558,114,116,124.353,69.758,147.121,135.624,255,100,2255,1578,146.427,79.679
272,Image 7.tif (green),4990,2913.660,1598.133,433.747,2862,1558,102,80,95.435,66.574,167.855,102.044,255,100,2862,1585,1.685,71.998
273,Image 7.tif (green),4812,3279.312,1604.376,515.872,3233,1559,96,87,91.058,67.285,9.781,100.245,255,100,3233,1613,18.616,84.783
274,Image 7.tif (green),102,2186.755,1566.333,53.456,2180,1560,17,11,16.872,7.697,163.589,19.416,255,100,2180,1560,145.491,10.394
275,Image 7.tif (green),163,2787.377,1570.844,82.426,2771,1565,32,12,26.108,7.949,174.793,32.062,255,100,2771,1572,3.576,10.569
276,Image 7.tif (green),1710,552.610,1607.707,556.600,519,1567,72,73,61.480,35.414,58.237,79.881,255,100,519,1633,55.713,59.760
277,Image 7.tif (green),141,3210.160,1576.507,74.527,3205,1568,11,19,17.590,10.206,77.736,21.095,255,100,3205,1586,58.570,11.000
278,Image 7.tif (green),7416,2777.580,1613.899,649.612,2701,1571,147,87,146.767,64.336,160.451,157.178,255,100,2704,1579,156.371,69.758
279,Image 7.tif (green),9692,3039.829,1629.468,781.696,2974,1571,131,116,120.055,102.788,19.547,135.857,255,100,2974,1657,15.366,114.685
280,Image 7.tif (green),110,686.273,1578.873,86.669,673,1573,24,13,16.752,8.361,172.074,24.187,255,100,673,1576,7.125,12.843
281,Image 7.tif (green),544,761.796,1602.583,254.936,737,1575,52,47,31.671,21.870,157.948,54.708,255,100,737,1601,161.896,39.674
282,Image 7.tif (green),5050,2442.744,1618.737,377.404,2391,1575,98,85,86.067,74.708,179.199,98.184,255,100,2391,1632,3.504,79.309
283,Image 7.tif (green),9216,1552.903,1645.259,717.411,1481,1585,137,125,139.859,83.900,24.719,144.803,255,100,1514,1708,57.407,90.408
284,Image 7.tif (green),8454,658.219,1644.713,1037.117,592,1586,141,121,120.263,89.504,40.896,151.714,255,100,592,1671,21.661,99.729
285,Image 7.tif (green),3808,2663.420,1641.180,440.960,2624,1597,87,76,75.859,63.915,152.185,89.811,255,100,2639,1603,142.237,73.327
286,Image 7.tif (green),15412,1708.882,1672.316,768.968,1624,1598,154,147,146.748,133.720,27.422,162.825,255,100,1683,1742,62.176,135.847
287,Image 7.tif (green),214,490.565,1628.911,147.439,475,1607,28,42,41.106,6.629,56.276,49.930,255,100,476,1649,57.265,11.752
288,Image 7.tif (green),8243,2081.604,1667.679,764.423,2020,1611,118,127,120.001,87.460,114.174,136.059,255,100,2052,1611,114.305,99.724
289,Image 7.tif (green),10206,1385.255,1678.147,992.975,1321,1615,130,129,133.048,97.669,43.952,148.822,255,100,1340,1737,48.814,107.786
290,Image 7.tif (green),12890,1847.330,1692.156,666.926,1783,1620,139,139,130.108,126.142,125.163,149.121,255,100,1783,1727,21.231,128.624
291,Image 7.tif (green),13635,3166.231,1701.268,935.477,3087,1631,167,135,151.429,114.645,23.073,171.843,255,100,3105,1755,31.192,125.799
292,Image 7.tif (green),44573,1156.348,1824.902,2740.473,931,1636,381,349,362.895,156.387,49.638,437.824,255,100,935,1903,36.268,223.670
293,Image 7.tif (green),9131,3333.492,1714.692,1166.857,3262,1651,140,134,140.002,83.041,37.146,155.396,255,100,3263,1751,31.849,99.339
294,Image 7.tif (green),104,508.048,1663.615,101.640,500,1653,20,25,15.448,8.572,127.063,27.313,255,100,507,1653,113.749,16.001
295,Image 7.tif (green),173,547.327,1656.957,100.669,525,1653,42,8,38.409,5.735,0.834,42.190,255,100,525,1658,5.440,8.000
296,Image 7.tif (green),11591,2543.770,1709.047,511.245,2479,1656,132,117,130.624,112.982,169.617,145.962,255,100,2479,1665,148.161,116.868
297,Image 7.tif (green),3924,2904.945,1690.972,387.262,2863,1658,89,66,83.874,59.568,167.142,89.805,255,100,2863,1680,172.321,61.897
298,Image 7.tif (green),14250,1047.961,1730.285,738.867,967,1659,159,142,154.133,117.715,153.985,163.817,255,100,970,1699,162.229,126.366
299,Image 7.tif (green),284,1086.665,1673.229,140.125,1063,1663,45,22,36.567,9.889,160.431,46.325,255,100,1063,1669,166.264,13.669
300,Image 7.tif (green),1547,446.514,1705.687,478.073,419,1665,53,84,65.476,30.083,79.504,86.539,255,100,429,1746,67.584,50.417
301,Image 7.tif (green),4398,2400.374,1708.456,589.529,2350,1666,100,88,80.593,69.482,34.483,101.119,255,100,2350,1696,171.469,83.054
302,Image 7.tif (green),6110,730.193,1726.308,717.311,679,1667,107,121,118.991,65.379,52.888,134.380,255,100,687,1775,43.794,75.779
303,Image 7.tif (green),115,2355.109,1673.248,63.113,2345,1667,19,12,15.185,9.643,31.484,21.024,255,100,2345,1678,25.346,12.000
304,Image 7.tif (green),2798,2309.954,1698.163,401.161,2266,1668,85,60,81.386,43.773,171.094,89.939,255,100,2280,1668,138.155,52.123
305,Image 7.tif (green),130,488.677,1679.708,74.426,474,1669,23,16,17.969,9.211,27.102,28.018,255,100,474,1685,34.824,13.604
306,Image 7.tif (green),6237,2791.385,1709.925,437.304,2727,1671,119,81,121.932,65.128,154.294,128.825,255,100,2727,1682,152.241,72.735
307,Image 7.tif (green),18773,1939.525,1780.313,1351.467,1842,1678,209,202,228.989,104.383,43.323,235.637,255,100,1867,1878,54.151,139.458
308,Image 7.tif (green),16312,1437.816,1804.668,1136.531,1369,1679,139,230,206.660,100.499,69.461,238.738,255,100,1412,1909,74.450,130.019
309,Image 7.tif (green),3865,860.042,1736.424,691.269,791,1689,140,82,106.268,46.308,173.861,142.773,255,100,791,1743,11.310,70.300
310,Image 7.tif (green),15971,1585.936,1766.910,903.477,1493,1694,180,144,161.491,125.920,167.447,188.788,255,100,1494,1727,154.928,138.647
311,Image 7.tif (green),8150,3013.587,1749.081,639.328,2955,1694,130,107,113.896,91.109,171.655,135.602,255,100,2977,1694,142.792,101.821
312,Image 7.tif (green),2630,551.219,1729.179,448.274,498,1695,89,73,67.627,49.516,24.429,89.560,255,100,498,1724,173.589,62.323
313,Image 7.tif (green),200,496.955,1708.745,167.196,482,1696,38,32,25.942,9.816,44.990,45.343,255,100,486,1728,41.424,19.370
314,Image 7.tif (green),175,523.671,1706.523,85.012,509,1696,30,17,29.016,7.679,20.945,33.615,255,100,510,1713,30.379,11.384
315,Image 7.tif (green),5219,2681.326,1736.585,372.191,2636,1700,94,81,94.939,69.993,149.413,105.679,255,100,2638,1704,150.524,76.190
316,Image 7.tif (green),12216,2207.122,1762.627,693.654,2137,1703,143,118,142.256,109.337,154.392,152.069,255,100,2157,1706,133.668,118.000
317,Image 7.tif (green),915,2308.192,1738.015,198.510,2276,1714,62,42,51.887,22.453,155.813,67.624,255,100,2276,1718,156.468,29.395
318,Image 7.tif (green),241,944.400,1727.210,74.770,933,1719,23,16,22.291,13.766,14.966,25.239,255,100,933,1735,33.690,16.000
319,Image 7.tif (green),147,1134.935,1740.854,115.983,1127,1729,15,26,17.759,10.540,82.003,27.313,255,100,1131,1755,66.251,15.000
320,Image 7.tif (green),167,3454.662,1752.201,97.841,3448,1734,13,38,28.752,7.395,79.287,38.639,255,100,3449,1772,79.563,12.258
321,Image 7.tif (green),559,2442.346,1761.851,150.610,2422,1737,37,43,44.402,16.030,47.733,49.092,255,100,2426,1778,56.634,21.298
322,Image 7.tif (green),244,401.381,1750.250,134.953,387,1739,26,27,24.605,12.626,44.182,33.601,255,100,391,1766,53.471,18.769
323,Image 7.tif (green),2601,2894.964,1769.671,287.765,2856,1741,76,56,67.008,49.422,5.228,76.400,255,100,2857,1779,14.400,53.265
324,Image 7.tif (green),173,424.448,1756.795,74.426,414,1746,20,22,17.358,12.689,118.929,22.204,255,100,422,1746,97.765,16.547
325,Image 7.tif (green),9744,954.673,1810.155,681.512,882,1751,143,118,139.218,89.115,147.290,147.719,255,100,884,1793,160.216,98.459
326,Image 7.tif (green),13269,1764.951,1828.487,871.921,1675,1753,154,153,156.218,108.148,124.983,178.340,255,100,1675,1796,146.666,117.593
327,Image 7.tif (green),16136,1290.214,1846.006,925.477,1212,1755,155,195,176.657,116.299,53.775,244.573,255,100,1212,1950,50.974,133.153
328,Image 7.tif (green),345,621.958,1772.216,133.054,605,1761,34,24,29.797,14.742,152.109,36.401,255,100,605,1765,159.075,22.059
329,Image 7.tif (green),4232,2097.330,1800.781,306.007,2057,1764,82,74,84.435,63.816,137.681,93.231,255,100,2061,1775,144.605,67.438
330,Image 7.tif (green),3077,3363.475,1804.758,495.044,3330,1766,71,80,68.527,57.171,55.293,82.365,255,100,3347,1843,60.945,69.010
331,Image 7.tif (green),20599,3219.898,1853.781,1061.845,3128,1770,192,161,184.647,142.041,158.098,207.077,255,100,3128,1805,157.274,158.101
332,Image 7.tif (green),226,576.673,1784.633,147.095,558,1771,36,27,20.217,14.233,151.201,36.674,255,100,558,1784,168.996,22.892
333,Image 7.tif (green),9425,2772.027,1824.078,569.286,2706,1771,133,115,118.984,100.857,175.235,134.347,255,100,2707,1837,10.724,111.220
334,Image 7.tif (green),156,3514.949,1784.763,61.941,3507,1774,15,20,15.923,12.474,120.421,21.541,255,100,3513,1774,111.801,14.880
335,Image 7.tif (green),8209,2356.616,1824.524,671.026,2293,1775,125,98,113.409,92.162,170.720,126.495,255,100,2294,1818,168.601,93.613
336,Image 7.tif (green),16792,806.771,1857.753,863.276,731,1778,151,160,148.764,143.719,87.559,162.111,255,100,740,1906,38.991,150.917
337,Image 7.tif (green),7231,2626.371,1831.302,556.742,2574,1778,111,108,109.943,83.742,142.972,123.438,255,100,2574,1798,154.058,89.783
338,Image 7.tif (green),5047,2494.943,1820.596,464.032,2442,1781,102,76,98.813,65.032,163.813,111.826,255,100,2442,1803,154.581,70.019
339,Image 7.tif (green),624,523.197,1817.814,231.622,495,1797,47,45,46.720,17.006,52.088,58.138,255,100,495,1836,40.815,26.200
340,Image 7.tif (green),9941,621.544,1874.440,1574.621,543,1807,169,128,155.084,81.616,22.661,175.824,255,100,543,1909,18.229,110.232
341,Image 7.tif (green),5752,2009.790,1855.184,493.872,1966,1808,97,93,89.249,82.059,48.372,101.316,255,100,1967,1885,48.601,91.604
342,Image 7.tif (green),10253,2919.943,1866.526,637.470,2849,1810,135,115,128.141,101.876,179.262,139.284,255,100,2864,1829,147.907,105.251
343,Image 7.tif (green),7198,3052.998,1863.317,488.617,3006,1811,96,112,104.361,87.818,75.613,117.341,255,100,3042,1923,72.646,93.289
344,Image 7.tif (green),157,483.417,1832.022,111.983,469,1824,30,19,20.213,9.890,25.772,31.048,255,100,469,1833,14.931,16.343
345,Image 7.tif (green),229,581.779,1837.356,81.841,571,1829,25,17,24.098,12.099,163.596,26.571,255,100,571,1832,160.201,15.366
346,Image 7.tif (green),3332,3467.452,1878.863,575.470,3427,1830,83,89,78.380,54.126,126.352,93.648,255,100,3443,1837,120.124,70.294
347,Image 7.tif (green),15538,1662.046,1916.862,736.624,1589,1836,151,151,148.876,132.886,129.734,159.201,255,100,1589,1883,146.010,136.037
348,Image 7.tif (green),621,447.299,1851.961,231.279,421,1838,52,26,46.180,17.122,174.907,52.240,255,100,421,1851,174.508,25.762
349,Image 7.tif (green),6451,1521.347,1894.549,466.274,1465,1842,110,103,107.429,76.457,38.700,120.420,255,100,1465,1916,24.011,86.747
350,Image 7.tif (green),11705,2220.373,1906.509,586.843,2166,1842,114,148,144.098,103.425,88.642,154.156,255,100,2173,1845,112.906,111.772
351,Image 7.tif (green),167,2468.638,1856.542,116.569,2451,1846,38,20,29.156,7.293,160.061,40.162,255,100,2451,1853,161.114,12.794
352,Image 7.tif (green),202,1036.193,1865.891,96.426,1027,1852,18,29,26.246,9.799,111.410,31.385,255,100,1031,1852,112.479,15.059
353,Image 7.tif (green),293,2534.049,1871.633,106.083,2522,1855,27,27,23.910,15.603,149.513,31.623,255,100,2522,1855,124.695,22.769
354,Image 7.tif (green),11114,2086.238,1920.377,582.257,2006,1857,136,129,130.354,108.557,46.074,151.990,255,100,2010,1944,34.004,117.380
355,Image 7.tif (green),667,2431.927,1877.612,145.054,2416,1863,32,31,33.400,25.427,44.198,37.483,255,100,2421,1894,46.081,30.674
356,Image 7.tif (green),270,3350.200,1876.781,72.184,3339,1865,20,22,23.013,14.939,66.133,25.554,255,100,3342,1887,59.421,16.824
357,Image 7.tif (green),640,490.223,1895.295,249.622,459,1873,52,41,45.546,17.891,32.233,56.859,255,100,459,1906,23.860,31.422
358,Image 7.tif (green),245,894.333,1895.178,102.326,881,1875,21,35,29.597,10.540,63.632,39.825,255,100,881,1910,61.504,14.792
359,Image 7.tif (green),4569,2709.495,1931.962,458.274,2664,1887,82,98,88.533,65.709,126.530,102.786,255,100,2698,1888,109.316,72.715
360,Image 7.tif (green),13965,1423.076,1997.418,895.737,1335,1889,158,198,179.928,98.822,117.643,233.006,255,100,1367,1889,122.735,124.629
361,Image 7.tif (green),1998,3408.125,1922.632,275.078,3383,1889,53,75,64.680,39.331,108.735,76.903,255,100,3393,1889,102.771,44.530
362,Image 7.tif (green),227,3509.170,1904.377,73.012,3501,1889,15,27,23.776,12.156,79.563,27.295,255,100,3505,1916,81.573,14.425
363,Image 7.tif (green),3666,2484.273,1933.170,405.161,2446,1892,77,79,80.482,57.997,138.002,88.617,255,100,2456,1896,130.882,64.249
364,Image 7.tif (green),317,3346.901,1912.156,181.338,3332,1894,26,31,23.272,17.344,107.582,32.311,255,100,3340,1924,68.199,25.236
365,Image 7.tif (green),17416,2358.466,1973.079,753.897,2271,1895,183,150,161.782,137.066,150.347,183.461,255,100,2271,1985,175.937,149.112
366,Image 7.tif (green),5226,2588.836,1943.509,470.073,2550,1895,91,102,85.937,77.428,112.070,103.407,255,100,2569,1895,99.462,83.786
367,Image 7.tif (green),114,392.123,1903.009,47.213,384,1896,13,13,13.185,11.008,63.108,15.556,255,100,386,1907,45.000,13.000
368,Image 7.tif (green),6378,2826.843,1946.692,516.902,2778,1902,111,86,107.214,75.743,164.909,119.038,255,100,2780,1915,148.046,84.166
369,Image 7.tif (green),8655,1918.057,1955.034,545.387,1853,1903,125,112,108.400,101.659,113.405,131.244,255,100,1853,1918,160.875,111.213
370,Image 7.tif (green),135,493.907,1917.019,79.355,485,1908,16,20,14.971,11.481,74.414,21.401,255,100,488,1928,52.595,15.910
371,Image 7.tif (green),544,1409.086,1921.015,243.924,1383,1908,54,30,36.412,19.022,177.237,54.918,255,100,1383,1910,169.509,29.651
372,Image 7.tif (green),8013,3590.753,1981.074,907.762,3533,1909,110,138,116.752,87.386,93.153,139.904,255,100,3592,2047,80.538,107.096
373,Image 7.tif (green),142,924.268,1919.676,91.012,908,1915,30,14,21.631,8.358,175.011,30.150,255,100,908,1921,5.711,13.411
374,Image 7.tif (green),6313,3337.045,1967.068,542.458,3280,1915,110,95,104.438,76.964,148.442,120.304,255,100,3280,1953,153.861,89.129
375,Image 7.tif (green),8753,3113.076,1971.502,646.441,3048,1916,130,100,126.525,88.083,0.378,137.481,255,100,3049,1944,156.418,96.453
376,Image 7.tif (green),152,649.132,1927.757,87.841,634,1920,33,17,30.240,6.400,26.825,37.121,255,100,634,1937,27.255,10.171
377,Image 7.tif (green),13167,917.429,1996.394,1024.306,856,1923,126,156,144.559,115.971,106.385,163.273,255,100,881,1926,110.433,121.903
378,Image 7.tif (green),159,3659.022,1937.500,105.154,3645,1924,25,26,26.992,7.500,127.324,32.016,255,100,3650,1925,128.660,15.348
379,Image 7.tif (green),11256,1803.225,1997.641,680.825,1742,1928,123,145,134.268,106.739,101.048,148.192,255,100,1792,2073,76.339,113.749
380,Image 7.tif (green),231,755.794,1946.526,119.983,742,1931,25,31,27.690,10.622,121.307,34.886,255,100,742,1931,117.300,17.889
381,Image 7.tif (green),5469,691.238,1980.863,594.742,633,1932,103,103,95.925,72.591,69.122,112.614,255,100,642,2013,37.786,90.755
382,Image 7.tif (green),4285,2975.528,1971.277,517.144,2920,1934,103,74,90.335,60.396,6.205,103.755,255,100,2921,1985,26.318,64.345
383,Image 7.tif (green),9431,1039.000,2003.861,959.477,979,1935,129,165,130.501,92.014,79.098,165.130,255,100,1001,2100,73.101,121.319
384,Image 7.tif (green),19914,1288.728,2019.291,1073.418,1205,1936,160,175,166.047,152.699,92.138,187.579,255,100,1209,2057,39.375,157.618
385,Image 7.tif (green),128,2908.711,1941.922,53.213,2901,1936,16,13,17.204,9.473,36.466,19.849,255,100,2902,1949,40.914,12.650
386,Image 7.tif (green),767,521.835,1966.490,339.848,495,1944,53,44,35.972,27.148,25.846,57.706,255,100,497,1987,27.897,42.131
387,Image 7.tif (green),432,2658.250,1964.558,112.711,2647,1949,28,29,25.496,21.573,122.488,31.401,255,100,2653,1949,127.235,24.739
388,Image 7.tif (green),6510,801.892,2008.216,688.340,746,1951,95,126,104.826,79.072,101.467,130.602,255,100,792,1951,108.296,94.484
389,Image 7.tif (green),156,1597.891,1966.321,136.953,1585,1953,22,25,15.265,13.012,83.201,25.495,255,100,1597,1953,101.310,20.776
390,Image 7.tif (green),15343,3501.607,2057.609,1165.100,3418,1953,158,204,209.363,93.309,116.979,213.565,255,100,3424,1982,134.241,119.301
391,Image 7.tif (green),10053,1551.498,2017.592,529.688,1503,1955,106,126,126.433,101.238,83.429,137.321,255,100,1511,2079,64.555,105.624
392,Image 7.tif (green),5142,3247.583,2020.689,787.779,3191,1961,97,152,122.223,53.566,110.714,159.765,255,100,3205,1963,110.136,77.334
393,Image 7.tif (green),179,1193.858,1972.869,69.841,1183,1962,20,22,22.750,10.018,43.941,25.239,255,100,1189,1983,56.310,12.728
394,Image 7.tif (green),329,577.892,1999.625,146.853,562,1975,24,43,36.162,11.584,76.782,47.011,255,100,563,2018,66.161,17.115
395,Image 7.tif (green),129,2761.802,1987.128,74.083,2754,1976,20,21,19.864,8.269,130.391,26.401,255,100,2758,1976,127.304,12.347
396,Image 7.tif (green),6904,2018.484,2029.502,611.914,1958,1979,129,101,112.650,78.033,170.306,130.115,255,100,1958,2022,172.493,89.075
397,Image 7.tif (green),514,2930.576,1999.461,160.024,2917,1981,30,37,28.584,22.895,72.395,37.855,255,100,2924,2018,77.800,29.118
398,Image 7.tif (green),3294,2150.684,2019.927,320.635,2112,1983,79,72,70.265,59.689,3.300,85.235,255,100,2112,2042,22.051,67.260
399,Image 7.tif (green),141,657.202,1992.514,102.083,643,1985,24,15,15.175,11.830,179.506,25.060,255,100,643,1997,28.610,14.991
400,Image 7.tif (green),208,1681.577,1992.808,102.912,1666,1986,35,16,25.366,10.440,179.072,35.511,255,100,1666,1992,9.728,16.000
401,Image 7.tif (green),4723,2672.334,2039.238,594.399,2617,1986,102,93,90.556,66.406,43.789,109.202,255,100,2617,2056,20.925,75.715
402,Image 7.tif (green),411,535.792,2006.118,163.681,521,1987,34,38,37.815,13.838,124.385,43.417,255,100,524,1991,128.454,25.551
403,Image 7.tif (green),6249,1143.798,2030.681,474.617,1095,1987,101,93,98.715,80.600,33.313,107.424,255,100,1097,2054,24.179,90.338
404,Image 7.tif (green),148,1659.824,1998.101,83.113,1645,1993,32,11,24.012,7.848,159.401,33.526,255,100,1645,1993,162.646,11.000
405,Image 7.tif (green),111,1491.284,2006.806,71.355,1486,1995,10,25,22.914,6.168,89.567,25.495,255,100,1490,2020,78.690,10.000
406,Image 7.tif (green),2132,2523.390,2021.461,397.161,2481,1999,80,57,71.411,38.013,165.769,80.100,255,100,2481,2020,177.138,49.000
407,Image 7.tif (green),114,2831.649,2004.070,81.799,2816,2000,37,6,34.432,4.215,177.200,37.121,255,100,2816,2003,175.365,6.000
408,Image 7.tif (green),16244,1674.202,2078.133,847.921,1590,2003,174,158,160.630,128.759,26.862,180.369,255,100,1623,2161,61.161,133.373
409,Image 7.tif (green),612,2611.270,2017.578,195.338,2596,2003,29,33,31.772,24.526,80.636,38.419,255,100,2599,2035,51.340,29.000
410,Image 7.tif (green),14953,2824.484,2077.397,829.578,2739,2009,158,148,162.068,117.474,152.257,180.812,255,100,2753,2010,139.261,128.701
411,Image 7.tif (green),8046,2255.128,2077.387,653.026,2193,2015,121,113,106.982,95.759,159.065,124.808,255,100,2229,2016,123.563,99.029
412,Image 7.tif (green),14549,3152.425,2103.630,1598.504,3084,2024,157,161,138.953,133.314,50.239,164.344,255,100,3120,2177,68.587,147.931
413,Image 7.tif (green),13588,2993.695,2094.977,881.092,2925,2028,139,139,137.201,126.098,14.397,150.904,255,100,2929,2056,145.257,128.707
414,Image 7.tif (green),13923,3376.506,2102.991,836.649,3305,2029,144,151,136.768,129.616,108.444,154.149,255,100,3366,2180,78.398,136.328
415,Image 7.tif (green),116,368.233,2037.086,80.669,358,2030,20,13,14.321,10.314,10.529,20.224,255,100,358,2039,171.469,13.000
416,Image 7.tif (green),294,2592.269,2047.810,159.983,2578,2031,32,25,26.446,14.154,3.136,36.069,255,100,2581,2031,136.123,24.719
417,Image 7.tif (green),6192,620.211,2089.326,654.784,570,2042,99,107,100.104,78.757,147.495,114.403,255,100,575,2060,143.531,93.063
418,Image 7.tif (green),17090,1908.998,2116.260,852.850,1806,2042,189,149,167.259,130.096,169.002,190.780,255,100,1806,2126,7.833,137.629
419,Image 7.tif (green),6769,741.922,2105.812,616.742,692,2051,101,104,102.624,83.982,143.388,117.801,255,100,715,2055,127.064,94.346
420,Image 7.tif (green),14462,2415.360,2117.916,788.423,2329,2057,174,125,163.639,112.526,5.090,178.997,255,100,2329,2129,13.570,112.375
421,Image 7.tif (green),398,350.920,2077.759,184.267,337,2058,33,41,29.262,17.318,58.592,42.544,255,100,344,2099,66.448,25.305
422,Image 7.tif (green),2611,1199.935,2095.867,452.032,1151,2060,102,74,86.620,38.379,13.616,102.825,255,100,1151,2091,172.737,55.340
423,Image 7.tif (green),7172,2583.504,2140.186,699.997,2518,2063,110,132,123.416,73.991,62.902,146.697,255,100,2535,2195,64.134,92.987
424,Image 7.tif (green),126,519.040,2071.865,50.870,513,2064,12,18,15.856,10.118,67.190,19.313,255,100,516,2082,68.749,11.597
425,Image 7.tif (green),119,2102.113,2079.063,79.841,2093,2067,19,23,20.187,7.505,133.144,26.926,255,100,2093,2067,121.329,12.741
426,Image 7.tif (green),122,3295.598,2078.221,58.284,3289,2067,13,19,16.587,9.365,63.404,21.633,255,100,3289,2085,56.310,11.571
427,Image 7.tif (green),138,3234.384,2081.109,71.012,3221,2074,23,16,20.783,8.454,149.237,25.495,255,100,3221,2074,154.440,12.291
428,Image 7.tif (green),6672,3651.245,2132.319,500.215,3601,2077,102,121,108.107,78.580,118.952,123.227,255,100,3646,2077,105.051,85.152
429,Image 7.tif (green),3234,2071.983,2114.322,454.617,2028,2081,91,68,78.266,52.611,21.652,92.049,255,100,2031,2110,162.943,63.577
430,Image 7.tif (green),11890,1082.054,2144.559,634.098,1017,2082,138,131,132.729,114.058,156.259,143.010,255,100,1031,2089,137.834,121.622
431,Image 7.tif (green),112,360.732,2095.607,63.113,354,2085,14,20,16.064,8.877,87.930,20.224,255,100,358,2085,98.531,13.841
432,Image 7.tif (green),8852,868.852,2144.576,774.808,803,2085,135,123,120.490,93.541,38.814,137.117,255,100,803,2170,10.081,99.066
433,Image 7.tif (green),11795,1399.537,2139.972,711.169,1319,2085,148,116,147.830,101.589,164.462,164.247,255,100,1319,2122,151.250,104.985
434,Image 7.tif (green),447,2147.267,2099.368,131.296,2133,2085,31,28,29.911,19.027,140.608,34.655,255,100,2139,2085,133.831,22.716
435,Image 7.tif (green),2083,971.513,2122.377,400.333,938,2088,62,65,56.947,46.573,116.183,69.405,255,100,938,2102,143.791,57.184
436,Image 7.tif (green),14664,1533.691,2171.883,1053.762,1468,2088,139,176,156.319,119.440,78.966,182.025,255,100,1482,2264,62.872,130.245
437,Image 7.tif (green),184,2518.647,2121.793,109.841,2512,2095,13,47,38.022,6.162,75.352,48.270,255,100,2512,2142,76.827,9.021
438,Image 7.tif (green),10458,2709.989,2172.074,686.784,2652,2101,123,144,137.417,96.899,104.997,147.733,255,100,2671,2107,113.962,118.192
439,Image 7.tif (green),11161,1248.474,2191.136,737.595,1168,2126,149,122,134.182,105.906,173.237,149.656,255,100,1168,2190,174.632,116.144
440,Image 7.tif (green),27715,1741.524,2241.174,1554.261,1629,2126,196,258,228.400,154.500,114.009,266.957,255,100,1650,2171,129.833,193.921
441,Image 7.tif (green),9913,3277.760,2205.712,947.418,3205,2135,158,143,113.685,111.023,17.409,158.710,255,100,3205,2212,5.423,119.353
442,Image 7.tif (green),6790,2171.935,2188.230,446.375,2118,2138,104,93,100.989,85.606,19.184,107.815,255,100,2137,2230,40.486,92.000
443,Image 7.tif (green),1707,556.554,2190.477,596.642,529,2151,60,84,65.912,32.975,105.202,88.685,255,100,545,2152,119.745,55.816
444,Image 7.tif (green),5982,2298.257,2201.065,1011.418,2248,2153,118,118,90.753,83.926,154.973,127.906,255,100,2251,2160,153.034,104.652
445,Image 7.tif (green),3305,2929.234,2211.144,582.600,2895,2157,68,96,78.576,53.554,85.241,96.628,255,100,2913,2253,83.463,67.417
446,Image 7.tif (green),9134,3466.561,2230.696,653.169,3413,2160,101,146,141.540,82.166,103.935,152.712,255,100,3450,2160,113.543,95.529
447,Image 7.tif (green),4035,3029.484,2201.011,527.973,2983,2161,112,80,93.979,54.667,25.694,112.446,255,100,2983,2183,174.898,71.187
448,Image 7.tif (green),12501,2041.693,2230.978,703.110,1957,2163,162,135,151.494,105.065,146.734,166.760,255,100,1959,2205,163.630,115.656
449,Image 7.tif (green),316,519.237,2185.832,172.024,511,2164,22,47,29.596,13.595,81.090,47.170,255,100,515,2211,85.135,21.965
450,Image 7.tif (green),755,784.128,2197.636,202.267,764,2171,35,47,35.970,26.725,88.332,51.894,255,100,772,2218,64.916,33.670
451,Image 7.tif (green),3483,713.592,2211.424,869.051,660,2172,107,82,82.183,53.961,11.851,109.238,255,100,660,2217,11.619,80.687
452,Image 7.tif (green),5707,2828.294,2228.380,566.056,2777,2173,98,114,103.347,70.310,125.377,122.156,255,100,2812,2174,114.677,85.617
453,Image 7.tif (green),8339,3586.816,2233.184,1219.685,3526,2173,124,122,108.295,98.043,115.996,143.753,255,100,3526,2190,138.102,117.638
454,Image 7.tif (green),15209,957.444,2250.609,859.477,869,2177,175,144,164.268,117.885,19.573,180.646,255,100,871,2286,16.730,132.042
455,Image 7.tif (green),460,3739.148,2200.809,234.350,3724,2180,37,48,26.751,21.894,105.221,49.244,255,100,3731,2180,102.907,35.176
456,Image 7.tif (green),120,1616.158,2200.467,70.770,1608,2184,13,29,27.228,5.612,68.776,30.364,255,100,1612,2213,72.759,8.090
457,Image 7.tif (green),116,598.836,2201.966,59.355,590,2193,19,15,16.168,9.135,151.009,19.416,255,100,593,2193,145.491,12.400
458,Image 7.tif (green),6389,2444.956,2243.970,698.867,2390,2193,129,105,95.187,85.460,29.276,134.480,255,100,2390,2248,16.414,97.497
459,Image 7.tif (green),9704,3148.687,2261.697,773.252,3083,2195,127,123,113.899,108.478,113.106,136.565,255,100,3113,2195,119.381,113.577
460,Image 7.tif (green),2380,1865.041,2226.830,304.108,1827,2198,76,52,64.191,47.208,12.895,80.324,255,100,1827,2243,18.886,51.709
461,Image 7.tif (green),122,1910.230,2216.434,63.698,1900,2208,17,20,20.663,7.517,127.578,24.839,255,100,1900,2208,130.101,10.525
462,Image 7.tif (green),161,527.084,2220.401,109.983,520,2209,19,25,18.814,10.896,99.496,27.313,255,100,521,2209,113.749,17.859
463,Image 7.tif (green),10718,2603.065,2276.022,697.311,2535,2216,129,126,126.322,108.030,135.414,139.388,255,100,2544,2240,137.035,114.078
464,Image 7.tif (green),6886,1560.812,2284.319,713.737,1483,2219,148,129,126.080,69.540,32.800,150.659,255,100,1483,2299,12.653,85.751
465,Image 7.tif (green),6689,1389.744,2265.125,690.441,1331,2220,128,97,107.555,79.184,164.830,128.472,255,100,1331,2252,175.088,92.580
466,Image 7.tif (green),855,838.137,2244.163,248.693,822,2221,32,53,42.968,25.335,99.990,58.600,255,100,829,2221,115.253,32.000
467,Image 7.tif (green),12737,1125.805,2283.368,647.955,1054,2221,144,126,138.258,117.297,18.452,151.568,255,100,1054,2307,20.468,125.266
468,Image 7.tif (green),7220,3374.848,2307.493,1038.046,3325,2233,116,152,139.159,66.060,105.185,152.030,255,100,3381,2233,91.131,89.806
469,Image 7.tif (green),178,2302.775,2245.511,100.912,2293,2237,22,19,18.414,12.308,148.570,28.425,255,100,2293,2238,140.711,15.522
470,Image 7.tif (green),2236,3700.820,2283.591,428.233,3671,2247,66,67,63.986,44.494,141.015,80.156,255,100,3678,2253,130.446,54.638
471,Image 7.tif (green),21133,1925.138,2355.196,1479.592,1849,2249,170,285,221.819,121.303,82.120,287.265,255,100,1916,2534,82.801,162.073
472,Image 7.tif (green),14122,3003.418,2320.886,829.536,2927,2250,154,142,148.705,120.915,149.756,166.433,255,100,2928,2287,147.265,131.933
473,Image 7.tif (green),15433,2190.886,2324.595,1384.840,2102,2252,170,148,146.209,134.396,157.468,188.404,255,100,2116,2259,142.765,147.464
474,Image 7.tif (green),17055,2755.907,2339.594,962.489,2664,2263,188,156,168.142,129.148,155.028,188.958,255,100,2664,2342,5.771,137.009
475,Image 7.tif (green),519,1481.600,2280.371,129.740,1468,2264,25,30,29.747,22.214,58.805,36.797,255,100,1468,2293,47.203,25.000
476,Image 7.tif (green),11524,1265.995,2329.491,581.144,1193,2269,140,114,137.687,106.566,24.921,149.241,255,100,1198,2376,43.643,112.470
477,Image 7.tif (green),11798,755.938,2330.880,780.909,678,2272,151,122,135.544,110.825,6.533,156.208,255,100,678,2341,14.837,119.666
478,Image 7.tif (green),14907,2358.165,2347.661,648.943,2286,2274,151,140,146.841,129.257,166.358,158.256,255,100,2297,2299,139.870,134.479
479,Image 7.tif (green),204,3228.402,2296.294,93.497,3220,2284,18,31,26.042,9.974,73.133,32.016,255,100,3224,2315,75.530,14.863
480,Image 7.tif (green),819,2892.161,2312.042,358.635,2870,2287,43,46,34.136,30.548,75.433,54.672,255,100,2878,2329,50.194,42.801
481,Image 7.tif (green),540,3420.954,2313.293,212.066,3396,2287,40,46,32.152,21.385,84.094,48.332,255,100,3416,2287,114.444,37.733
482,Image 7.tif (green),4590,606.483,2332.612,665.370,544,2291,120,83,100.969,57.881,16.333,128.160,255,100,544,2339,20.556,77.120
483,Image 7.tif (green),198,3676.813,2306.434,115.740,3665,2292,23,34,23.970,10.517,125.208,36.770,255,100,3668,2292,112.380,18.519
484,Image 7.tif (green),16043,1643.164,2378.142,991.561,1553,2298,175,151,154.082,132.570,2.833,175.103,255,100,1553,2408,1.964,146.013
485,Image 7.tif (green),109,3259.922,2302.931,63.113,3250,2298,23,10,19.243,7.212,178.668,23.345,255,100,3250,2306,9.866,10.000
486,Image 7.tif (green),106,2067.585,2302.717,85.941,2047,2299,35,10,27.108,4.979,177.121,35.355,255,100,2047,2301,171.870,8.540
487,Image 7.tif (green),12505,2508.073,2388.865,708.281,2449,2307,128,151,139.901,113.808,90.089,156.541,255,100,2477,2456,72.144,121.211
488,Image 7.tif (green),11999,2047.941,2391.832,931.879,1963,2309,155,145,149.959,101.878,34.121,169.012,255,100,1974,2443,52.452,122.779
489,Image 7.tif (green),12500,3292.015,2389.886,932.590,3233,2311,125,168,158.697,100.289,118.653,183.412,255,100,3263,2313,115.168,118.711
490,Image 7.tif (green),355,517.799,2328.830,179.924,498,2312,42,29,27.409,16.491,163.687,43.174,255,100,498,2330,166.608,27.542
491,Image 7.tif (green),8604,3610.816,2369.543,722.240,3552,2314,115,115,118.570,92.392,122.502,130.484,255,100,3558,2327,139.351,102.318
492,Image 7.tif (green),721,457.687,2337.709,331.706,435,2316,47,46,42.407,21.647,39.018,53.263,255,100,447,2362,50.332,32.352
493,Image 7.tif (green),9495,1464.665,2381.149,827.193,1397,2319,131,124,112.140,107.807,66.553,136.473,255,100,1408,2342,151.557,117.985
494,Image 7.tif (green),2293,1010.238,2350.911,292.836,974,2327,74,54,63.088,46.277,178.340,74.545,255,100,974,2339,173.066,51.861
495,Image 7.tif (green),2597,880.394,2371.939,341.362,848,2328,67,78,66.808,49.494,111.960,86.313,255,100,867,2328,116.862,57.476
496,Image 7.tif (green),215,3415.937,2337.691,100.083,3396,2329,33,16,28.243,9.692,170.304,33.734,255,100,3396,2337,168.024,13.472
497,Image 7.tif (green),14021,3150.552,2417.018,801.637,3081,2342,134,163,150.428,118.675,91.022,166.904,255,100,3113,2344,105.285,129.512
498,Image 7.tif (green),155,929.448,2359.803,79.598,920,2347,19,22,21.801,9.053,114.376,28.425,255,100,921,2347,129.289,14.605
499,Image 7.tif (green),9093,2899.191,2409.847,604.742,2841,2347,122,122,110.861,104.433,105.940,126.384,255,100,2873,2469,74.864,110.585
500,Image 7.tif (green),1250,518.537,2373.869,386.233,481,2351,73,54,64.535,24.662,148.924,81.413,255,100,481,2367,152.176,38.559
501,Image 7.tif (green),5984,3507.768,2410.651,619.813,3460,2355,91,116,119.229,63.903,109.796,126.400,255,100,3469,2355,120.420,70.853
502,Image 7.tif (green),14248,2648.281,2448.839,821.193,2576,2359,142,176,163.301,111.090,113.371,179.739,255,100,2639,2359,103.186,125.122
503,Image 7.tif (green),371,1385.953,2388.745,202.551,1373,2362,36,50,39.435,11.979,123.255,54.626,255,100,1378,2362,113.749,21.787
504,Image 7.tif (green),6496,3729.419,2423.286,681.210,3684,2367,93,117,104.876,78.864,93.675,117.427,255,100,3725,2367,94.885,93.000
505,Image 7.tif (green),2421,1095.944,2400.559,474.759,1057,2373,78,61,66.492,46.359,172.128,84.534,255,100,1057,2394,152.526,53.318
506,Image 7.tif (green),32395,2293.030,2473.691,2195.062,2108,2377,350,197,341.035,120.945,172.153,350.557,255,100,2108,2451,174.598,172.925
507,Image 7.tif (green),9946,662.673,2439.174,834.122,597,2378,130,123,121.466,104.256,144.999,137.058,255,100,606,2394,150.255,113.546
508,Image 7.tif (green),139,3364.392,2396.824,87.841,3355,2383,19,26,17.948,9.861,113.007,27.514,255,100,3355,2383,109.093,16.104
509,Image 7.tif (green),162,3350.315,2396.673,63.698,3344,2387,14,19,15.036,13.718,77.447,20.616,255,100,3344,2406,67.166,14.000
510,Image 7.tif (green),113,3469.146,2395.004,67.941,3462,2387,14,18,19.227,7.483,126.925,22.804,255,100,3462,2387,127.875,9.964
511,Image 7.tif (green),128,1904.070,2395.609,85.355,1888,2390,32,10,29.258,5.570,173.783,32.140,255,100,1888,2394,174.644,7.467
512,Image 7.tif (green),7415,3414.781,2452.075,596.299,3371,2391,87,123,120.709,78.214,93.937,124.310,255,100,3411,2391,98.326,87.000
513,Image 7.tif (green),127,958.610,2405.720,62.770,951,2397,21,16,17.272,9.362,137.781,22.136,255,100,951,2401,161.565,12.787
514,Image 7.tif (green),509,968.225,2418.865,200.066,940,2398,53,35,39.768,16.297,25.044,53.460,255,100,940,2423,7.524,28.496
515,Image 7.tif (green),122,582.418,2411.984,58.870,577,2401,13,22,21.208,7.324,66.086,25.554,255,100,577,2423,59.421,9.819
516,Image 7.tif (green),5240,1839.575,2470.957,615.470,1796,2405,110,142,130.211,51.238,112.546,167.523,255,100,1798,2407,123.311,69.443
517,Image 7.tif (green),537,480.466,2428.474,235.037,459,2407,44,47,42.874,15.948,39.388,58.009,255,100,464,2454,54.118,26.039
518,Image 7.tif (green),127,547.878,2417.587,69.355,540,2408,17,18,13.947,11.594,127.524,20.591,255,100,543,2408,119.055,15.549
519,Image 7.tif (green),5846,1254.518,2463.370,685.453,1198,2410,103,103,92.507,80.462,52.294,111.252,255,100,1199,2478,35.119,89.882
520,Image 7.tif (green),10278,3031.440,2484.770,724.281,2974,2411,115,160,151.374,86.450,102.207,160.153,255,100,3038,2571,87.495,95.476
521,Image 7.tif (green),9921,839.922,2469.208,1151.100,771,2412,138,130,121.211,104.213,152.910,141.198,255,100,783,2429,147.435,122.453
522,Image 7.tif (green),213,1775.284,2425.829,119.397,1764,2412,25,30,26.854,10.099,59.566,33.971,255,100,1764,2438,42.614,19.878
523,Image 7.tif (green),930,1311.760,2445.935,208.752,1298,2414,29,69,70.073,16.898,79.153,71.309,255,100,1304,2483,75.379,21.090
524,Image 7.tif (green),3252,1383.270,2470.278,671.311,1340,2418,102,104,96.259,43.015,144.018,128.810,255,100,1357,2418,126.158,62.813
525,Image 7.tif (green),186,748.758,2438.527,102.912,740,2423,19,28,20.225,11.710,114.353,30.871,255,100,740,2423,114.905,16.933
526,Image 7.tif (green),652,511.652,2448.410,264.836,493,2429,46,47,40.020,20.743,55.675,59.666,255,100,493,2474,39.560,31.351
527,Image 7.tif (green),13611,1541.095,2501.420,713.411,1458,2433,165,132,158.932,109.041,1.322,167.601,255,100,1458,2495,166.544,125.428
528,Image 7.tif (green),10253,2784.702,2495.670,561.872,2728,2434,112,129,125.748,103.815,84.614,134.082,255,100,2770,2561,71.295,106.193
529,Image 7.tif (green),124,1109.444,2446.065,77.012,1098,2436,20,16,15.829,9.974,4.004,21.095,255,100,1098,2447,31.430,15.205
530,Image 7.tif (green),216,1880.125,2462.199,146.024,1867,2439,25,44,34.903,7.880,115.183,47.170,255,100,1871,2439,111.125,14.311
531,Image 7.tif (green),127,1636.012,2450.563,120.569,1620,2440,29,17,16.874,9.583,163.540,30.083,255,100,1620,2448,164.578,16.717
532,Image 7.tif (green),9758,3617.292,2511.984,598.701,3568,2448,101,132,132.232,93.958,107.511,138.654,255,100,3583,2450,115.641,101.000
533,Image 7.tif (green),13166,2040.705,2509.862,773.897,1945,2455,197,113,171.595,97.692,173.985,198.116,255,100,1945,2518,173.915,106.286
534,Image 7.tif (green),9145,1715.167,2510.478,523.345,1653,2456,133,102,124.919,93.210,174.875,142.088,255,100,1653,2486,159.397,95.994
535,Image 7.tif (green),1574,1039.051,2493.772,633.754,1001,2457,72,77,49.466,40.515,170.346,77.782,255,100,1042,2534,81.870,66.630
536,Image 7.tif (green),11630,3246.708,2526.765,683.796,3175,2461,143,136,135.187,109.536,10.384,145.465,255,100,3177,2547,18.435,121.006
537,Image 7.tif (green),935,944.285,2493.863,230.894,927,2465,41,57,45.578,26.120,56.807,60.959,255,100,928,2511,48.991,37.155
538,Image 7.tif (green),14830,2536.547,2541.493,743.654,2462,2471,155,140,157.430,119.940,147.763,176.082,255,100,2481,2480,134.310,131.989
539,Image 7.tif (green),483,469.026,2497.175,180.167,456,2472,26,45,35.733,17.210,116.450,48.466,255,100,458,2472,111.801,23.351
540,Image 7.tif (green),13590,3502.041,2568.673,595.529,3442,2485,124,158,148.517,116.507,88.615,158.316,255,100,3485,2643,86.379,121.713
541,Image 7.tif (green),4015,735.067,2540.030,693.411,693,2486,86,99,81.686,62.582,63.543,100.000,255,100,714,2583,73.740,79.618
542,Image 7.tif (green),9109,2916.534,2543.002,553.872,2852,2487,129,117,118.051,98.245,152.808,132.412,255,100,2864,2503,152.080,107.283
543,Image 7.tif (green),3645,1164.009,2528.905,755.696,1101,2491,117,88,97.338,47.679,150.953,120.308,255,100,1106,2508,152.796,73.916
544,Image 7.tif (green),4305,3389.279,2547.156,538.701,3344,2494,87,113,104.017,52.696,131.920,133.989,255,100,3352,2494,122.504,64.395
545,Image 7.tif (green),110,3836.755,2509.527,95.841,3820,2504,29,12,22.719,6.165,2.725,29.275,255,100,3820,2511,7.853,12.000
546,Image 7.tif (green),107,888.836,2512.575,53.698,882,2505,15,16,13.884,9.813,60.688,17.692,255,100,885,2521,47.291,14.521
547,Image 7.tif (green),138,2264.152,2513.130,72.770,2256,2505,18,14,17.039,10.312,3.773,21.095,255,100,2256,2519,31.430,13.859
548,Image 7.tif (green),532,3700.365,2525.289,149.782,3687,2505,27,47,39.427,17.180,73.441,48.270,255,100,3693,2552,76.827,23.759
549,Image 7.tif (green),7940,1334.680,2562.337,1061.886,1269,2508,138,105,124.527,81.183,2.891,139.442,255,100,1269,2575,8.246,99.684
550,Image 7.tif (green),180,3147.606,2518.900,81.941,3133,2513,30,12,29.572,7.750,5.863,30.806,255,100,3133,2520,13.134,10.702
551,Image 7.tif (green),292,674.147,2526.356,77.841,663,2514,20,26,28.195,13.186,117.060,30.017,255,100,664,2514,119.982,15.625
552,Image 7.tif (green),145,973.817,2522.769,59.113,961,2515,22,14,18.394,10.037,14.621,22.361,255,100,961,2523,10.305,13.282
553,Image 7.tif (green),5255,611.801,2559.332,774.950,561,2516,107,91,91.319,73.269,8.034,111.018,255,100,561,2541,162.708,88.681
554,Image 7.tif (green),210,1438.905,2531.652,86.184,1429,2520,21,21,19.851,13.469,107.956,24.207,255,100,1435,2522,128.290,18.194
555,Image 7.tif (green),252,2276.234,2533.782,139.882,2257,2522,34,25,29.216,10.982,152.583,38.588,255,100,2257,2525,148.782,22.443
556,Image 7.tif (green),22968,2747.594,2661.475,1373.266,2622,2541,241,251,306.334,95.464,130.975,306.198,255,100,2643,2557,134.338,124.325
557,Image 7.tif (green),3557,919.724,2576.819,470.960,878,2542,88,72,74.108,61.113,164.086,89.269,255,100,878,2581,9.673,70.994
558,Image 7.tif (green),10726,3112.070,2614.053,615.026,3058,2542,120,155,151.356,90.230,67.146,157.918,255,100,3077,2689,64.895,105.685
559,Image 7.tif (green),5731,2213.390,2587.715,603.529,2159,2544,103,89,96.819,75.367,157.308,109.444,255,100,2159,2567,160.241,86.951
560,Image 7.tif (green),130,477.292,2555.285,61.355,469,2550,20,13,16.360,10.118,4.271,20.396,255,100,469,2550,168.690,12.856
561,Image 7.tif (green),1117,1852.727,2578.181,253.037,1817,2553,64,47,44.868,31.698,152.710,72.471,255,100,1817,2553,152.021,40.835
562,Image 7.tif (green),3597,1071.308,2601.483,837.637,1012,2555,105,88,83.750,54.684,156.416,105.683,255,100,1012,2602,173.480,76.320
563,Image 7.tif (green),184,1909.370,2559.832,116.569,1894,2555,39,14,31.339,7.476,3.806,39.560,255,100,1895,2567,16.144,14.000
564,Image 7.tif (green),129,533.089,2565.709,54.870,525,2558,16,15,14.751,11.135,145.554,19.209,255,100,529,2558,128.660,13.492
565,Image 7.tif (green),121,2431.136,2566.409,59.941,2422,2560,18,17,17.755,8.677,29.783,22.023,255,100,2422,2577,50.528,11.281
566,Image 7.tif (green),107,847.210,2569.313,50.870,837,2563,17,13,13.333,10.218,14.224,18.788,255,100,837,2571,25.201,11.963
567,Image 7.tif (green),8658,1487.038,2623.009,631.955,1417,2564,136,118,138.162,79.788,148.086,148.122,255,100,1430,2587,145.452,84.896
568,Image 7.tif (green),3543,2339.994,2595.058,422.576,2287,2567,100,60,96.965,46.523,162.523,104.355,255,100,2287,2579,161.565,52.297
569,Image 7.tif (green),4687,1614.701,2617.085,643.571,1573,2576,91,99,91.031,65.556,42.716,109.165,255,100,1602,2675,65.078,80.464
570,Image 7.tif (green),5741,2844.427,2631.002,590.014,2789,2578,113,99,121.598,60.114,144.041,124.258,255,100,2796,2593,146.821,71.567
571,Image 7.tif (green),15158,1926.294,2795.816,2981.669,1880,2579,115,416,297.692,64.831,93.659,417.642,255,100,1926,2579,95.083,111.195
572,Image 7.tif (green),3382,2087.317,2621.516,673.210,2017,2579,118,84,88.122,48.865,24.269,118.152,255,100,2017,2618,2.911,68.092
573,Image 7.tif (green),4442,1735.986,2612.309,505.487,1691,2581,96,76,95.716,59.089,14.736,110.114,255,100,1696,2657,39.472,74.314
574,Image 7.tif (green),6785,2994.052,2643.367,558.257,2934,2581,98,118,110.174,78.411,81.816,119.403,255,100,2978,2697,68.377,96.571
575,Image 7.tif (green),9798,3330.936,2652.612,592.156,3276,2583,111,138,127.407,97.916,96.057,138.521,255,100,3333,2583,94.970,108.264
576,Image 7.tif (green),3876,3690.526,2634.340,409.061,3658,2584,70,100,95.519,51.666,108.748,102.391,255,100,3683,2584,102.407,60.470
577,Image 7.tif (green),9637,805.489,2649.870,885.578,749,2586,119,124,114.723,106.955,95.349,132.257,255,100,792,2586,110.353,116.928
578,Image 7.tif (green),694,495.821,2600.938,172.267,473,2589,52,29,46.702,18.920,14.665,54.083,255,100,474,2615,19.440,24.891
579,Image 7.tif (green),12893,1218.645,2667.822,1101.159,1132,2596,158,134,138.000,118.955,18.532,165.076,255,100,1132,2645,162.004,133.242
580,Image 7.tif (green),19443,2471.144,2684.321,754.624,2389,2604,163,169,167.879,147.461,146.103,182.784,255,100,2417,2609,131.451,155.273
581,Image 7.tif (green),10023,3210.814,2684.823,701.654,3151,2605,119,151,141.994,89.875,98.107,152.453,255,100,3205,2605,97.918,110.411
582,Image 7.tif (green),8451,3603.448,2674.510,561.529,3558,2605,93,139,134.602,79.941,94.380,139.517,255,100,3599,2744,85.066,87.435
583,Image 7.tif (green),107,732.379,2610.855,46.627,724,2606,14,14,12.641,10.777,141.171,16.401,255,100,724,2607,127.569,12.542
584,Image 7.tif (green),3353,690.545,2655.992,594.985,655,2612,70,80,72.125,59.191,88.080,90.443,255,100,662,2615,125.096,67.862
585,Image 7.tif (green),113,1647.518,2631.553,121.983,1632,2622,29,17,18.383,7.827,178.785,29.155,255,100,1632,2629,174.094,16.777
586,Image 7.tif (green),420,2618.769,2638.124,134.225,2606,2622,28,33,24.392,21.924,145.611,34.482,255,100,2608,2655,73.142,28.000
587,Image 7.tif (green),7572,3431.223,2720.425,635.227,3375,2624,98,165,134.290,71.792,72.809,165.109,255,100,3431,2789,87.917,85.692
588,Image 7.tif (green),13898,949.118,2694.743,888.649,867,2629,173,126,159.433,110.990,11.060,179.536,255,100,867,2721,15.507,117.557
589,Image 7.tif (green),148,620.196,2641.642,60.284,614,2632,14,19,17.295,10.896,128.166,21.024,255,100,615,2632,115.346,13.461
590,Image 7.tif (green),113,476.757,2642.217,83.255,469,2633,14,21,16.568,8.684,105.964,22.204,255,100,469,2636,125.838,12.769
591,Image 7.tif (green),215,1763.788,2643.500,91.598,1744,2636,31,18,22.315,12.268,166.242,31.257,255,100,1744,2643,172.648,16.560
592,Image 7.tif (green),7988,2309.512,2691.239,806.725,2250,2636,112,121,112.413,90.475,132.586,129.653,255,100,2251,2657,148.885,107.615
593,Image 7.tif (green),118,1004.873,2650.805,80.426,998,2638,17,23,16.996,8.840,116.038,23.770,255,100,1000,2638,104.621,15.535
594,Image 7.tif (green),640,1336.000,2658.270,179.924,1322,2639,34,47,41.688,19.547,76.733,53.339,255,100,1329,2686,59.589,30.758
595,Image 7.tif (green),5416,576.978,2695.373,601.127,525,2641,104,98,85.044,81.086,154.107,106.480,255,100,525,2690,165.311,89.803
596,Image 7.tif (green),10410,2159.899,2708.034,735.210,2099,2642,129,134,135.287,97.973,45.056,150.416,255,100,2100,2757,37.708,105.254
597,Image 7.tif (green),4673,2020.579,2703.254,571.571,1978,2650,86,107,103.850,57.292,136.552,126.779,255,100,1988,2650,122.437,73.853
598,Image 7.tif (green),127,502.610,2657.815,69.598,496,2651,16,17,16.488,9.807,69.353,21.260,255,100,497,2668,48.814,14.675
599,Image 7.tif (green),227,1367.791,2665.813,154.468,1352,2655,34,20,24.392,11.849,15.678,37.577,255,100,1352,2671,25.201,18.631
600,Image 7.tif (green),3869,3516.132,2704.696,449.747,3490,2656,56,104,100.379,49.076,91.678,106.099,255,100,3508,2760,78.584,56.000
601,Image 7.tif (green),209,3815.045,2670.337,86.770,3802,2662,27,17,23.836,11.164,5.959,29.530,255,100,3803,2679,28.301,14.513
602,Image 7.tif (green),1050,1856.057,2701.760,356.735,1828,2667,44,65,53.222,25.120,107.349,69.340,255,100,1830,2674,123.232,39.777
603,Image 7.tif (green),2542,1437.504,2699.449,281.765,1389,2671,94,53,77.659,41.677,169.843,94.085,255,100,1389,2700,177.563,48.746
604,Image 7.tif (green),1384,1731.400,2699.426,349.948,1709,2674,51,55,45.953,38.347,72.278,62.936,255,100,1715,2729,44.356,49.007
605,Image 7.tif (green),14598,2637.405,2747.762,711.068,2560,2675,151,149,145.809,127.473,120.777,158.496,255,100,2597,2679,113.816,137.441
606,Image 7.tif (green),4026,1084.299,2729.715,493.002,1045,2676,75,94,85.749,59.780,82.529,97.862,255,100,1067,2768,68.416,70.790
607,Image 7.tif (green),769,1658.148,2703.456,193.823,1639,2677,35,48,39.366,24.872,57.144,51.624,255,100,1653,2725,68.405,33.322
608,Image 7.tif (green),129,1886.632,2691.391,60.284,1881,2682,12,21,16.807,9.773,69.175,21.587,255,100,1881,2703,76.608,12.000
609,Image 7.tif (green),8210,2922.990,2754.262,686.240,2880,2684,90,135,129.382,80.794,95.039,135.370,255,100,2926,2684,94.236,87.683
610,Image 7.tif (green),239,3776.395,2701.617,102.083,3766,2685,21,34,28.109,10.826,67.546,35.735,255,100,3776,2719,72.072,15.932
611,Image 7.tif (green),4562,3832.526,2735.470,464.475,3801,2687,65,103,97.676,59.467,80.756,104.785,255,100,3815,2788,66.371,64.552
612,Image 7.tif (green),176,3048.074,2711.068,88.083,3036,2699,24,19,18.369,12.199,30.330,24.839,255,100,3036,2718,40.101,17.985
613,Image 7.tif (green),22732,1563.673,2804.817,1169.141,1465,2703,199,188,193.126,149.867,29.589,203.725,255,100,1495,2883,46.591,175.365
614,Image 7.tif (green),1015,459.129,2732.398,282.593,440,2704,38,66,51.935,24.884,93.561,66.272,255,100,459,2704,95.194,36.428
615,Image 7.tif (green),568,3698.035,2713.387,258.794,3664,2704,79,24,64.908,11.142,7.149,79.906,255,100,3664,2717,8.637,19.458
616,Image 7.tif (green),16247,1347.563,2788.229,1133.401,1249,2711,195,154,183.070,112.997,160.081,202.714,255,100,1251,2762,162.191,133.769
617,Image 7.tif (green),105,1983.443,2728.852,76.912,1972,2718,20,24,23.513,5.686,126.685,28.425,255,100,1972,2720,129.289,10.983
618,Image 7.tif (green),3627,3136.743,2766.571,433.889,3098,2719,75,89,94.303,48.970,117.006,104.652,255,100,3099,2722,135.000,56.532
619,Image 7.tif (green),7769,691.530,2775.079,851.678,634,2724,118,111,103.550,95.527,140.873,123.004,255,100,634,2751,152.393,110.366
620,Image 7.tif (green),115,1848.717,2738.804,74.083,1841,2728,16,23,16.805,8.713,120.949,25.080,255,100,1846,2728,113.499,13.016
621,Image 7.tif (green),5502,815.492,2776.423,622.742,768,2733,105,93,94.521,74.114,38.933,115.256,255,100,768,2809,38.660,90.941
622,Image 7.tif (green),6550,3733.329,2784.595,509.688,3686,2738,94,97,92.717,89.948,101.391,104.019,255,100,3689,2810,37.972,92.744
623,Image 7.tif (green),433,1478.553,2755.447,129.539,1460,2739,33,29,26.994,20.423,28.945,35.000,255,100,1468,2767,53.130,24.173
624,Image 7.tif (green),3709,3531.650,2779.787,648.399,3458,2739,142,78,140.131,33.700,12.168,144.848,255,100,3466,2814,22.316,65.080
625,Image 7.tif (green),8427,3042.095,2802.275,585.186,2991,2740,103,124,121.804,88.089,103.751,136.400,255,100,3012,2742,116.565,97.068
626,Image 7.tif (green),12003,3302.637,2805.247,632.884,3231,2741,137,133,130.003,117.557,172.399,140.186,255,100,3232,2792,165.964,121.789
627,Image 7.tif (green),1155,1709.647,2768.163,242.208,1678,2749,58,36,48.460,30.347,163.509,64.885,255,100,1678,2751,151.460,36.000
628,Image 7.tif (green),2285,1179.100,2777.513,414.919,1140,2750,83,61,67.722,42.960,3.501,83.385,255,100,1140,2787,5.505,57.588
629,Image 7.tif (green),7341,2385.170,2803.074,534.115,2314,2755,134,94,127.418,73.356,167.859,135.823,255,100,2314,2785,166.373,82.607
630,Image 7.tif (green),251,2020.106,2767.369,139.983,1998,2761,44,14,37.123,8.609,2.102,44.407,255,100,1998,2764,172.235,12.222
631,Image 7.tif (green),3983,2228.972,2803.298,495.630,2176,2764,101,83,89.084,56.927,11.836,107.331,255,100,2180,2838,26.565,70.529
632,Image 7.tif (green),9858,961.917,2814.872,699.026,885,2767,153,108,138.205,90.819,18.512,155.913,255,100,885,2813,11.094,99.879
633,Image 7.tif (green),12403,3710.155,2916.664,1617.190,3602,2782,190,273,267.217,59.098,120.619,315.040,255,100,3607,2797,125.961,94.889
634,Image 7.tif (green),156,1944.032,2798.397,89.941,1936,2784,17,26,21.706,9.151,60.842,30.529,255,100,1936,2810,58.392,15.598
635,Image 7.tif (green),5248,2527.638,2837.981,695.612,2475,2786,100,105,87.205,76.624,99.201,106.212,255,100,2516,2891,81.336,88.217
636,Image 7.tif (green),8240,1083.371,2854.025,1366.095,1013,2788,135,124,120.401,87.138,37.084,142.338,255,100,1014,2886,19.708,112.191
637,Image 7.tif (green),13923,2745.480,2873.043,743.754,2679,2790,130,166,158.393,111.920,94.173,168.134,255,100,2729,2790,105.524,122.612
638,Image 7.tif (green),30045,2883.138,2936.985,3211.860,2664,2800,362,254,272.430,140.420,32.372,383.964,255,100,2664,3013,19.473,225.971
639,Image 7.tif (green),3104,2110.417,2850.255,550.257,2059,2803,87,95,95.808,41.251,54.758,112.201,255,100,2066,2896,53.334,56.386
640,Image 7.tif (green),213,439.800,2814.049,129.296,421,2804,37,20,32.790,8.271,21.291,39.000,255,100,421,2822,22.620,13.483
641,Image 7.tif (green),368,3413.027,2814.182,154.125,3389,2805,47,20,44.617,10.502,7.194,49.041,255,100,3389,2825,16.587,14.918
642,Image 7.tif (green),103,2052.995,2814.840,54.184,2045,2806,17,16,15.448,8.489,133.586,17.889,255,100,2052,2806,116.565,12.021
643,Image 7.tif (green),2307,1781.906,2851.617,394.090,1741,2807,88,68,64.829,45.309,24.722,93.984,255,100,1741,2867,20.556,53.527
644,Image 7.tif (green),9656,1230.514,2880.518,885.034,1166,2809,137,129,112.526,109.258,24.942,141.676,255,100,1166,2910,18.947,120.666
645,Image 7.tif (green),9377,3544.090,2871.956,743.997,3482,2811,118,121,123.173,96.930,50.592,137.902,255,100,3490,2913,45.881,104.082
646,Image 7.tif (green),1104,2008.389,2833.947,530.357,1952,2812,110,40,90.218,15.581,171.128,111.463,255,100,1952,2828,170.707,29.376
647,Image 7.tif (green),538,1712.987,2828.662,205.380,1686,2817,56,27,42.824,15.996,14.094,57.271,255,100,1686,2829,12.095,23.673
648,Image 7.tif (green),5340,3799.513,2892.774,911.276,3761,2822,95,131,110.108,61.750,68.003,134.852,255,100,3774,2953,76.273,83.592
649,Image 7.tif (green),12041,846.862,2903.373,876.933,764,2834,154,135,128.193,119.593,170.800,161.920,255,100,765,2945,19.106,130.202
650,Image 7.tif (green),7519,3162.584,2882.347,523.872,3104,2834,112,107,102.171,93.701,116.228,112.805,255,100,3120,2847,130.326,101.792
651,Image 7.tif (green),184,544.967,2857.712,115.054,533,2835,24,35,25.690,9.119,118.813,37.736,255,100,533,2835,122.005,17.999
652,Image 7.tif (green),1013,742.837,2861.699,242.007,718,2836,49,49,42.761,30.163,42.030,50.695,255,100,718,2863,14.859,40.242
653,Image 7.tif (green),17605,2310.662,2927.378,922.347,2226,2837,167,176,159.906,140.179,133.145,178.101,255,100,2230,2892,155.450,152.866
654,Image 7.tif (green),8277,3410.904,2897.919,626.742,3360,2838,103,117,109.622,96.136,106.550,125.718,255,100,3390,2838,111.463,102.426
655,Image 7.tif (green),9490,633.818,2905.488,858.205,569,2839,127,122,119.046,101.499,136.308,144.309,255,100,576,2868,140.906,115.921
656,Image 7.tif (green),10823,2623.224,2917.127,651.169,2550,2848,130,143,130.232,105.813,100.083,145.134,255,100,2625,2990,78.071,119.733
657,Image 7.tif (green),182,2192.956,2856.363,79.598,2180,2850,26,14,25.948,8.931,160.250,28.231,255,100,2180,2850,157.068,12.445
658,Image 7.tif (green),545,511.883,2875.990,194.894,498,2853,30,43,36.819,18.846,67.872,43.417,255,100,514,2896,82.057,25.159
659,Image 7.tif (green),599,1461.256,2877.547,186.167,1436,2854,50,45,43.998,17.334,137.403,55.036,255,100,1436,2872,155.298,27.961
660,Image 7.tif (green),160,492.669,2864.706,115.497,485,2856,21,22,18.780,10.848,54.384,29.000,255,100,486,2877,46.397,15.532
661,Image 7.tif (green),3865,2447.226,2908.933,441.304,2412,2863,75,90,76.698,64.162,115.989,90.554,255,100,2444,2953,83.660,71.925
662,Image 7.tif (green),11726,1378.410,2941.330,787.151,1308,2882,145,127,140.761,106.066,33.072,155.206,255,100,1340,3009,53.647,116.319
663,Image 7.tif (green),13720,2147.331,2972.817,1386.521,2059,2882,167,159,147.289,118.602,34.726,178.393,255,100,2080,3031,47.726,133.224
664,Image 7.tif (green),116,1944.103,2891.060,64.770,1935,2883,16,16,14.734,10.024,130.064,20.000,255,100,1935,2887,143.130,13.525
665,Image 7.tif (green),19050,1605.482,2956.912,874.465,1507,2885,190,149,180.284,134.539,8.173,196.825,255,100,1518,2990,27.867,138.158
666,Image 7.tif (green),308,3304.805,2901.877,173.581,3281,2888,49,28,46.622,8.411,23.732,53.852,255,100,3284,2916,31.329,14.543
667,Image 7.tif (green),353,3254.183,2914.188,229.279,3242,2890,27,52,34.513,13.023,100.029,53.852,255,100,3254,2890,105.068,26.070
668,Image 7.tif (green),202,3856.406,2897.842,93.012,3846,2890,24,18,20.697,12.427,171.559,26.000,255,100,3846,2893,157.380,17.392
669,Image 7.tif (green),8460,3066.899,2962.336,631.571,3012,2892,108,132,122.146,88.187,83.953,133.364,255,100,3050,3023,79.196,100.134
670,Image 7.tif (green),5520,3655.580,2944.463,510.860,3615,2892,83,108,102.062,68.863,105.439,109.289,255,100,3625,2897,124.563,75.014
671,Image 7.tif (green),258,1492.182,2905.364,136.610,1477,2896,31,21,21.202,15.493,9.194,31.401,255,100,1477,2899,170.838,21.000
672,Image 7.tif (green),3352,971.722,2938.566,324.534,928,2899,81,71,69.574,61.343,45.376,87.464,255,100,928,2960,22.166,66.635
673,Image 7.tif (green),120,1915.017,2910.950,41.556,1909,2904,11,13,13.790,11.079,78.045,15.620,255,100,1910,2917,50.194,11.000
674,Image 7.tif (green),183,2144.478,2916.156,135.539,2130,2904,29,24,17.915,13.006,162.869,29.069,255,100,2130,2913,176.055,19.328
675,Image 7.tif (green),872,4070.083,2936.811,394.576,4045,2907,39,60,47.389,23.429,113.157,62.642,255,100,4061,2907,106.699,39.000
676,Image 7.tif (green),624,1855.338,2930.087,177.823,1839,2911,35,37,30.674,25.902,75.108,41.881,255,100,1839,2936,33.311,35.000
677,Image 7.tif (green),625,1471.836,2958.676,270.108,1452,2919,41,78,66.444,11.977,63.462,84.694,255,100,1455,2997,67.068,21.778
678,Image 7.tif (green),13282,1097.026,2979.666,764.423,1003,2920,181,113,172.764,97.886,12.048,185.785,255,100,1004,3002,14.335,102.080
679,Image 7.tif (green),11814,1773.771,2983.620,942.004,1710,2920,142,122,134.121,112.153,140.598,158.493,255,100,1727,2921,132.955,121.334
680,Image 7.tif (green),9273,3330.039,2995.708,667.754,3275,2928,112,125,121.518,97.161,116.249,140.471,255,100,3305,2928,118.025,104.841
681,Image 7.tif (green),5677,3565.870,2987.963,476.517,3522,2935,88,105,93.378,77.408,64.207,113.464,255,100,3546,3040,67.730,85.065
682,Image 7.tif (green),3777,2516.037,2987.794,560.399,2476,2937,81,97,86.849,55.372,78.203,100.960,255,100,2499,3034,73.899,68.145
683,Image 7.tif (green),155,403.829,2948.468,105.296,393,2938,20,24,18.192,10.848,60.680,30.610,255,100,393,2962,51.633,17.305
684,Image 7.tif (green),9340,3175.979,3012.299,1098.732,3041,2942,205,113,140.697,84.523,16.600,206.235,255,100,3041,3039,28.056,112.269
685,Image 7.tif (green),222,492.847,2965.869,111.054,485,2943,18,38,26.456,10.684,89.629,38.210,255,100,493,2943,96.009,16.877
686,Image 7.tif (green),1787,3468.551,2974.188,427.304,3410,2947,108,50,103.852,21.909,21.048,116.469,255,100,3411,2995,23.263,34.696
687,Image 7.tif (green),143,3788.213,2957.948,82.184,3771,2952,33,13,24.862,7.323,10.559,33.734,255,100,3771,2959,11.976,11.057
688,Image 7.tif (green),5607,1249.522,2998.537,600.801,1192,2958,116,81,98.636,72.378,9.951,119.101,255,100,1192,3033,13.103,76.985
689,Image 7.tif (green),158,478.930,2977.962,83.941,472,2960,12,31,23.109,8.705,91.571,31.575,255,100,476,2960,100.954,12.000
690,Image 7.tif (green),3134,755.873,3004.744,733.453,705,2965,91,80,72.398,55.117,140.904,96.333,255,100,705,2974,138.366,72.037
691,Image 7.tif (green),735,526.809,2981.929,248.451,500,2966,61,40,42.112,22.222,26.119,61.033,255,100,500,2981,1.878,34.643
692,Image 7.tif (green),199,1487.656,2980.756,73.355,1479,2970,16,24,22.964,11.033,117.352,27.785,255,100,1479,2970,120.256,12.612
693,Image 7.tif (green),158,2419.392,2985.943,103.255,2404,2977,24,21,16.899,11.905,174.675,27.586,255,100,2408,2979,136.469,19.352
694,Image 7.tif (green),6769,909.907,3021.973,997.762,812,2980,183,73,159.228,54.127,0.794,183.175,255,100,812,3037,2.503,72.550
695,Image 7.tif (green),118,444.619,2987.119,59.113,437,2981,14,16,13.327,11.274,98.078,16.763,255,100,443,2997,72.646,13.924
696,Image 7.tif (green),163,596.580,2993.334,89.012,586,2981,26,21,20.251,10.249,148.126,30.017,255,100,586,2981,150.018,16.807
697,Image 7.tif (green),268,2994.198,3004.041,100.326,2980,2989,24,25,20.210,16.884,50.088,27.586,255,100,2980,3008,43.531,22.188
698,Image 7.tif (green),1191,3683.555,3018.658,316.836,3624,2989,92,51,64.550,23.492,11.206,94.578,255,100,3625,3023,19.776,40.520
699,Image 7.tif (green),737,2575.047,3026.048,189.581,2557,2998,33,49,47.325,19.828,68.044,54.129,255,100,2557,3047,64.855,25.148
700,Image 7.tif (green),258,542.694,3011.911,156.510,530,3000,31,31,21.014,15.632,40.649,32.802,255,100,534,3024,37.569,26.364
701,Image 7.tif (green),110,3812.827,3011.355,58.870,3808,3000,9,24,21.702,6.454,84.509,24.331,255,100,3811,3024,80.538,9.000
702,Image 7.tif (green),705,1421.330,3020.331,231.279,1393,3002,67,40,60.868,14.747,26.281,74.686,255,100,1393,3042,26.222,19.677
703,Image 7.tif (green),1964,654.893,3028.460,555.428,612,3003,84,49,67.632,36.974,174.166,85.907,255,100,612,3027,167.905,49.000
704,Image 7.tif (green),1493,2410.723,3032.583,388.777,2357,3009,92,44,66.085,28.765,156.731,94.366,255,100,2357,3032,167.142,44.000
705,Image 7.tif (green),111,455.707,3017.860,79.598,445,3011,22,14,15.532,9.099,158.235,22.361,255,100,445,3014,169.695,13.124
706,Image 7.tif (green),244,556.287,3027.217,103.397,544,3015,23,24,18.943,16.400,24.807,25.298,255,100,550,3039,71.565,20.674
707,Image 7.tif (green),159,2955.160,3021.783,83.841,2943,3017,25,14,21.293,9.508,5.783,25.318,255,100,2943,3020,170.910,14.000
708,Image 7.tif (green),1954,3439.164,3038.626,355.907,3394,3017,97,38,80.429,30.933,1.123,97.185,255,100,3394,3048,176.460,37.946
709,Image 7.tif (green),1905,2938.330,3038.540,354.049,2899,3018,89,37,81.813,29.647,166.176,92.720,255,100,2899,3026,163.715,36.556
710,Image 7.tif (green),1015,2248.071,3040.225,428.475,2211,3019,75,34,50.941,25.369,2.592,75.802,255,100,2211,3053,8.344,34.000
711,Image 7.tif (green),1801,1502.908,3041.375,305.421,1439,3020,116,34,85.919,26.689,3.833,116.069,255,100,1439,3053,1.975,33.991
712,Image 7.tif (green),1136,3616.805,3043.270,275.966,3567,3020,78,35,60.762,23.804,9.045,79.404,255,100,3567,3055,16.837,35.000
713,Image 7.tif (green),116,1445.871,3032.707,51.456,1439,3026,17,12,13.910,10.618,175.145,17.464,255,100,1440,3028,156.371,12.000
714,Image 7.tif (green),449,3709.502,3041.977,260.551,3682,3026,52,28,37.338,15.311,14.938,52.953,255,100,3682,3048,10.886,26.608
715,Image 7.tif (green),162,2656.500,3044.136,89.012,2649,3030,14,24,20.886,9.876,83.490,25.000,255,100,2650,3054,73.740,13.671
716,Image 7.tif (green),154,2641.396,3041.071,76.184,2634,3033,17,20,16.788,11.679,63.049,23.324,255,100,2639,3053,59.036,14.972
717,Image 7.tif (green),119,2674.307,3041.223,76.184,2664,3033,19,17,17.081,8.870,142.292,20.809,255,100,2668,3033,125.218,12.911
718,Image 7.tif (green),177,3810.845,3046.811,68.284,3801,3040,21,13,18.350,12.281,6.390,21.471,255,100,3803,3052,27.759,12.239
719,Image 7.tif (green),129,1355.578,3048.050,52.870,1346,3041,19,13,15.698,10.463,18.577,19.026,255,100,1346,3049,176.987,12.304
