, ,Label,Area,X,Y,Perim.,BX,BY,Width,Height,Major,Minor,Angle,Feret,Median,%Area,FeretX,FeretY,FeretAngle,MinFeret,area_bbx_ratio
0,1,hfd28 ep1 tip.tif  (red) thresh.tif,4287,1536.227,32.993,628.742,1455,6,143,67,108.781,50.178000000000004,4.697,143.892,255,100,1455,25,6.3839999999999995,65.6,0.4474
1,2,hfd28 ep1 tip.tif  (red) thresh.tif,3341,2881.597,27.834,324.16700000000003,2829,6,104,49,93.414,45.538000000000004,178.217,104.48,255,100,2829,16,174.50799999999998,49.0,0.6556
2,3,hfd28 ep1 tip.tif  (red) thresh.tif,5589,1640.7060000000001,48.58,543.446,1592,7,103,90,90.259,78.84100000000001,30.846,111.615,255,100,1592,59,22.659000000000002,88.54899999999999,0.6029
3,4,hfd28 ep1 tip.tif  (red) thresh.tif,9259,2599.688,63.246,1069.193,2503,7,184,130,163.795,71.97399999999999,148.42,189.024,255,100,2509,9,144.039,112.035,0.3871
4,5,hfd28 ep1 tip.tif  (red) thresh.tif,10162,3337.723,85.348,963.0089999999999,3276,7,128,161,166.31799999999998,77.795,75.351,186.762,255,100,3276,146,46.736000000000004,105.189,0.4931
5,6,hfd28 ep1 tip.tif  (red) thresh.tif,4886,3531.243,51.492,916.482,3434,7,173,103,157.336,39.54,152.029,197.368,255,100,3434,10,151.227,65.988,0.2742
6,7,hfd28 ep1 tip.tif  (red) thresh.tif,9663,1801.9229999999998,51.3,1197.803,1697,8,198,96,172.18200000000002,71.455,173.75,199.218,255,100,1697,42,173.66,95.14299999999999,0.5084
7,8,hfd28 ep1 tip.tif  (red) thresh.tif,4569,2166.981,39.398,463.70599999999996,2124,8,100,81,89.071,65.313,21.976,102.616,255,100,2125,50,15.255,80.67,0.5641
8,9,hfd28 ep1 tip.tif  (red) thresh.tif,27235,3001.698,106.40700000000001,2690.5840000000003,2822,8,346,184,286.063,121.22,0.86,346.63699999999994,255,100,2822,101,176.52700000000002,170.317,0.4278
9,10,hfd28 ep1 tip.tif  (red) thresh.tif,5389,2431.604,53.541000000000004,765.47,2377,9,109,90,93.055,73.736,19.114,119.57,255,100,2378,88,29.566999999999997,86.329,0.5493
10,11,hfd28 ep1 tip.tif  (red) thresh.tif,3341,2770.982,44.032,496.86,2726,11,91,74,78.207,54.393,155.338,92.228,255,100,2726,37,170.64,61.415,0.4961
11,12,hfd28 ep1 tip.tif  (red) thresh.tif,5361,2251.653,61.538000000000004,390.777,2196,18,115,97,129.873,52.558,43.18,139.52100000000002,255,100,2196,102,34.486999999999995,62.125,0.4806
12,13,hfd28 ep1 tip.tif  (red) thresh.tif,6519,3233.9570000000003,72.706,500.57599999999996,3177,23,112,100,96.335,86.16,169.924,116.211,255,100,3177,88,15.470999999999998,87.969,0.5821
13,14,hfd28 ep1 tip.tif  (red) thresh.tif,5371,3425.992,83.944,541.688,3382,34,93,99,87.334,78.304,123.116,101.84299999999999,255,100,3406,36,109.50200000000001,90.186,0.5834
14,15,hfd28 ep1 tip.tif  (red) thresh.tif,4500,2315.2329999999997,101.324,897.0089999999999,2250,50,120,107,120.50399999999999,47.547,38.492,137.637,255,100,2254,148,35.538000000000004,65.679,0.3505
15,16,hfd28 ep1 tip.tif  (red) thresh.tif,7614,2726.325,123.09700000000001,743.955,2672,53,112,134,115.01899999999999,84.286,72.30199999999999,134.648,255,100,2706,53,98.973,92.897,0.5073
16,17,hfd28 ep1 tip.tif  (red) thresh.tif,5368,2531.877,113.72,684.6,2470,67,107,101,98.594,69.322,139.332,112.294,255,100,2500,67,118.163,89.595,0.4967
17,18,hfd28 ep1 tip.tif  (red) thresh.tif,12864,2073.656,128.143,932.423,1969,78,208,104,205.435,79.72800000000001,176.86700000000002,208.959,255,100,1969,134,5.492000000000001,103.04,0.5947
18,19,hfd28 ep1 tip.tif  (red) thresh.tif,4358,1572.128,129.6,779.855,1534,81,80,109,84.971,65.30199999999999,86.199,116.81200000000001,255,100,1546,81,111.073,79.339,0.4998
19,20,hfd28 ep1 tip.tif  (red) thresh.tif,4701,3499.309,125.243,481.30400000000003,3458,81,87,98,97.681,61.276,56.828,106.042,255,100,3471,171,51.50899999999999,66.468,0.5514
20,21,hfd28 ep1 tip.tif  (red) thresh.tif,8307,1770.8970000000002,141.601,638.4580000000001,1721,85,113,120,108.92299999999999,97.103,31.43,133.225,255,100,1729,199,37.988,110.648,0.6126
21,22,hfd28 ep1 tip.tif  (red) thresh.tif,4646,1666.889,141.075,680.6,1620,87,83,102,91.12299999999999,64.917,83.025,109.12799999999999,255,100,1641,185,62.731,83.0,0.5488
22,23,hfd28 ep1 tip.tif  (red) thresh.tif,4943,2394.826,149.761,451.36199999999997,2358,99,85,99,94.14,66.854,69.068,105.41799999999999,255,100,2364,194,46.922,80.154,0.5874
23,24,hfd28 ep1 tip.tif  (red) thresh.tif,5222,2803.9770000000003,169.199,594.073,2756,113,95,101,91.75,72.467,56.971000000000004,107.154,255,100,2802,113,112.49600000000001,89.211,0.5442
24,25,hfd28 ep1 tip.tif  (red) thresh.tif,7232,3578.655,163.809,552.0319999999999,3520,114,118,105,100.84899999999999,91.306,11.737,118.10600000000001,255,100,3520,170,2.426,101.41799999999999,0.5837
25,26,hfd28 ep1 tip.tif  (red) thresh.tif,3109,2198.862,170.44400000000002,537.061,2162,121,77,89,77.214,51.266999999999996,58.135,90.554,255,100,2170,202,43.21,62.356,0.4537
26,27,hfd28 ep1 tip.tif  (red) thresh.tif,3853,3214.6740000000004,169.91099999999997,407.664,3170,128,91,78,78.388,62.583999999999996,174.945,92.41799999999999,255,100,3171,168,13.134,73.383,0.5428
27,28,hfd28 ep1 tip.tif  (red) thresh.tif,6383,2470.535,188.43099999999998,655.955,2418,133,108,118,109.552,74.185,57.685,125.399,255,100,2427,246,57.70399999999999,84.697,0.5009
28,29,hfd28 ep1 tip.tif  (red) thresh.tif,6768,1875.115,184.683,506.333,1826,134,102,101,95.536,90.2,101.23700000000001,105.209,255,100,1846,229,53.893,99.962,0.657
29,30,hfd28 ep1 tip.tif  (red) thresh.tif,4185,3409.347,185.80200000000002,631.5880000000001,3366,141,87,90,79.411,67.1,66.281,96.426,255,100,3377,219,40.795,82.088,0.5345
30,31,hfd28 ep1 tip.tif  (red) thresh.tif,8233,2626.902,194.25599999999997,501.30400000000003,2569,144,117,109,114.74,91.359,32.463,128.16,255,100,2590,252,57.426,98.206,0.6456
31,32,hfd28 ep1 tip.tif  (red) thresh.tif,8631,2292.632,205.76,518.617,2230,150,121,111,120.085,91.51299999999999,33.617,133.6,255,100,2233,236,36.784,101.16799999999999,0.6426
32,33,hfd28 ep1 tip.tif  (red) thresh.tif,12097,3331.551,240.37099999999998,1191.5610000000001,3251,159,175,164,174.845,88.09200000000001,131.463,187.72299999999998,255,100,3275,159,128.946,118.22,0.4215
33,34,hfd28 ep1 tip.tif  (red) thresh.tif,4235,3021.696,211.798,431.463,2972,168,97,80,91.506,58.927,33.661,103.325,255,100,2982,240,42.647,68.613,0.5457
34,35,hfd28 ep1 tip.tif  (red) thresh.tif,7358,3120.4159999999997,216.926,571.889,3068,169,110,101,101.99799999999999,91.85,61.327,114.62100000000001,255,100,3090,266,54.23,96.25299999999999,0.6623
35,36,hfd28 ep1 tip.tif  (red) thresh.tif,3794,1164.481,200.715,319.421,1111,170,105,68,84.92200000000001,56.88399999999999,173.98,105.304,255,100,1111,201,4.357,64.531,0.5314
36,37,hfd28 ep1 tip.tif  (red) thresh.tif,3273,2078.788,210.645,461.404,2026,171,98,78,86.307,48.285,156.263,99.464,255,100,2026,196,170.15900000000002,56.85,0.4282
37,38,hfd28 ep1 tip.tif  (red) thresh.tif,4136,2906.902,221.388,568.5169999999999,2861,179,89,79,82.4,63.909,14.052999999999999,97.17,255,100,2861,245,23.663,75.307,0.5883
38,39,hfd28 ep1 tip.tif  (red) thresh.tif,16385,2564.83,298.233,1471.869,2464,195,197,193,193.396,107.87200000000001,149.282,212.532,255,100,2533,195,118.374,149.833,0.4309
39,40,hfd28 ep1 tip.tif  (red) thresh.tif,3643,2712.82,240.84599999999998,377.463,2674,199,80,80,85.43299999999999,54.293,56.407,94.81,255,100,2680,275,52.284,69.012,0.5692
40,41,hfd28 ep1 tip.tif  (red) thresh.tif,4536,1742.121,252.028,432.291,1706,212,75,100,91.42200000000001,63.173,94.90700000000001,104.995,255,100,1710,212,107.745,74.529,0.6048
41,42,hfd28 ep1 tip.tif  (red) thresh.tif,7706,2020.93,279.445,858.0980000000001,1948,212,136,129,115.38799999999999,85.031,13.677999999999999,137.463,255,100,1948,288,8.366,107.461,0.4392
42,43,hfd28 ep1 tip.tif  (red) thresh.tif,3469,2187.4629999999997,255.67700000000002,795.997,2129,212,115,90,80.262,55.031000000000006,159.757,115.213,255,100,2129,259,3.483,74.92,0.3352
43,44,hfd28 ep1 tip.tif  (red) thresh.tif,15584,3267.9,323.755,1251.2169999999999,3180,215,203,187,205.27200000000002,96.663,136.639,248.31599999999997,255,100,3189,215,141.376,129.81,0.4105
44,45,hfd28 ep1 tip.tif  (red) thresh.tif,5272,2805.7859999999996,269.644,677.7719999999999,2743,223,115,94,114.175,58.792,33.529,130.648,255,100,2743,301,28.33,75.333,0.4877
45,46,hfd28 ep1 tip.tif  (red) thresh.tif,5120,1819.16,280.802,452.91900000000004,1767,232,106,85,89.48100000000001,72.85300000000001,11.652999999999999,113.318,255,100,1768,312,23.398000000000003,83.48100000000001,0.5683
46,47,hfd28 ep1 tip.tif  (red) thresh.tif,11785,3666.927,306.309,1409.585,3538,232,227,155,221.4,67.774,150.237,258.45099999999996,255,100,3538,240,148.77,95.48299999999999,0.3349
47,48,hfd28 ep1 tip.tif  (red) thresh.tif,22286,3503.455,356.68199999999996,2343.364,3383,242,241,215,196.097,144.701,154.599,246.0,255,100,3384,344,167.32,203.50799999999998,0.4301
48,49,hfd28 ep1 tip.tif  (red) thresh.tif,11268,2983.241,307.905,1166.448,2899,251,183,124,163.336,87.837,18.89,186.55,255,100,2901,330,15.228,116.087,0.4966
49,50,hfd28 ep1 tip.tif  (red) thresh.tif,7189,2286.157,325.633,615.286,2223,273,114,115,102.665,89.15700000000001,144.41899999999998,119.62,255,100,2223,311,156.864,100.948,0.5484
50,51,hfd28 ep1 tip.tif  (red) thresh.tif,3113,2122.611,329.67800000000005,667.328,2074,282,89,107,76.025,52.135,98.214,107.229,255,100,2119,282,93.743,80.438,0.3269
51,52,hfd28 ep1 tip.tif  (red) thresh.tif,3583,3136.4570000000003,319.60400000000004,467.30400000000003,3093,283,85,75,74.165,61.512,2.1830000000000003,85.094,255,100,3093,315,2.694,73.245,0.562
52,53,hfd28 ep1 tip.tif  (red) thresh.tif,4579,2406.584,333.219,616.073,2351,285,115,109,116.891,49.876999999999995,50.708999999999996,147.868,255,100,2352,393,43.082,73.933,0.3653
53,54,hfd28 ep1 tip.tif  (red) thresh.tif,39259,1859.402,511.64599999999996,4195.843,1695,288,307,435,332.50199999999995,150.333,62.545,471.73699999999997,255,100,1719,723,65.717,258.623,0.294
54,55,hfd28 ep1 tip.tif  (red) thresh.tif,4889,2694.14,343.722,422.291,2651,292,82,97,95.677,65.061,56.21,105.43700000000001,255,100,2657,380,54.652,68.112,0.6147
55,56,hfd28 ep1 tip.tif  (red) thresh.tif,9461,1763.119,372.829,924.423,1658,327,191,96,186.325,64.65100000000001,5.5729999999999995,191.09400000000002,255,100,1658,379,178.201,92.265,0.516
56,57,hfd28 ep1 tip.tif  (red) thresh.tif,3334,3055.098,367.18800000000005,654.014,3005,332,97,76,71.964,58.986999999999995,5.692,100.42399999999999,255,100,3005,391,15.005,75.26899999999999,0.4523
57,58,hfd28 ep1 tip.tif  (red) thresh.tif,4162,2762.6540000000005,372.475,387.12,2717,333,92,81,93.928,56.418,43.918,111.521,255,100,2717,409,39.542,64.859,0.5585
58,59,hfd28 ep1 tip.tif  (red) thresh.tif,6230,2058.256,404.356,811.512,2001,341,112,119,100.584,78.862,110.708,123.00399999999999,255,100,2036,346,115.523,93.74799999999999,0.4674
59,60,hfd28 ep1 tip.tif  (red) thresh.tif,30578,2781.455,469.096,2824.199,2597,342,316,259,251.16400000000002,155.011,171.963,339.912,255,100,2602,408,152.681,245.27700000000002,0.3736
60,61,hfd28 ep1 tip.tif  (red) thresh.tif,11029,2514.185,407.77099999999996,705.7130000000001,2449,344,135,127,130.109,107.929,147.407,150.047,255,100,2473,346,123.584,115.57700000000001,0.6433
61,62,hfd28 ep1 tip.tif  (red) thresh.tif,9464,3194.41,429.714,748.825,3135,349,116,179,168.59799999999998,71.471,107.398,180.602,255,100,3185,349,97.637,96.301,0.4558
62,63,hfd28 ep1 tip.tif  (red) thresh.tif,5817,2212.493,405.523,757.227,2158,350,116,122,92.37100000000001,80.182,101.551,126.384,255,100,2193,350,105.13600000000001,101.01899999999999,0.411
63,64,hfd28 ep1 tip.tif  (red) thresh.tif,4077,3668.759,398.978,410.233,3631,357,84,87,74.92,69.28699999999999,42.515,87.281,255,100,3658,357,94.6,77.55199999999999,0.5579
64,65,hfd28 ep1 tip.tif  (red) thresh.tif,19156,3744.027,475.38699999999994,1683.249,3630,373,247,216,258.112,94.495,38.389,274.133,255,100,3652,589,41.599,130.01,0.359
65,66,hfd28 ep1 tip.tif  (red) thresh.tif,5803,2965.802,418.88599999999997,535.1030000000001,2907,376,115,95,99.78200000000001,74.047,176.983,118.6,255,100,2907,455,14.152999999999999,93.947,0.5312
66,67,hfd28 ep1 tip.tif  (red) thresh.tif,13699,3069.115,477.973,1084.306,2983,386,168,185,181.74900000000002,95.96799999999999,43.887,204.083,255,100,3012,561,59.036,120.5,0.4408
67,68,hfd28 ep1 tip.tif  (red) thresh.tif,9191,3341.777,446.57599999999996,966.222,3243,401,182,90,174.324,67.13,175.202,185.58599999999998,255,100,3244,416,167.237,88.21799999999999,0.5611
68,69,hfd28 ep1 tip.tif  (red) thresh.tif,7012,2306.322,465.95099999999996,864.24,2244,403,111,131,126.764,70.43,60.005,149.482,255,100,2247,523,48.526,87.236,0.4822
69,70,hfd28 ep1 tip.tif  (red) thresh.tif,5333,2399.89,453.385,521.747,2360,406,92,94,88.28,76.916,58.1,110.941,255,100,2366,498,56.023,86.69200000000001,0.6167
70,71,hfd28 ep1 tip.tif  (red) thresh.tif,24055,1669.486,560.571,1713.592,1540,408,234,290,227.699,134.51,58.394,305.944,255,100,1640,698,66.703,188.025,0.3545
71,72,hfd28 ep1 tip.tif  (red) thresh.tif,17950,3409.0229999999997,517.371,1847.634,3260,428,277,169,257.591,88.725,19.516,283.283,255,100,3262,549,13.889000000000001,125.179,0.3834
72,73,hfd28 ep1 tip.tif  (red) thresh.tif,4168,3979.475,487.56199999999995,362.191,3937,446,84,84,74.767,70.97800000000001,89.30799999999999,87.361,255,100,3937,503,15.945,74.012,0.5907
73,74,hfd28 ep1 tip.tif  (red) thresh.tif,5252,3589.97,492.61,610.943,3543,448,103,106,109.214,61.229,43.153999999999996,120.652,255,100,3571,554,56.836999999999996,78.0,0.481
74,75,hfd28 ep1 tip.tif  (red) thresh.tif,5989,2951.4320000000002,534.889,842.5830000000001,2913,451,83,146,114.281,66.725,88.037,146.342,255,100,2942,451,93.91799999999999,82.196,0.4942
75,76,hfd28 ep1 tip.tif  (red) thresh.tif,4822,2171.0789999999997,504.337,697.428,2130,456,87,105,86.73700000000001,70.783,112.49600000000001,108.171,255,100,2142,561,76.092,86.04899999999999,0.5279
76,77,hfd28 ep1 tip.tif  (red) thresh.tif,4894,2490.304,502.17800000000005,454.09,2441,459,97,90,83.991,74.189,143.878,98.412,255,100,2464,459,115.26299999999999,82.514,0.5606
77,78,hfd28 ep1 tip.tif  (red) thresh.tif,6432,2079.848,529.425,654.659,2024,474,99,117,103.635,79.02199999999999,87.463,121.198,255,100,2063,582,63.012,97.78399999999999,0.5553
78,79,hfd28 ep1 tip.tif  (red) thresh.tif,3334,2655.446,522.679,332.836,2617,486,75,71,71.887,59.051,159.063,87.727,255,100,2622,486,133.15200000000002,66.994,0.6261
79,80,hfd28 ep1 tip.tif  (red) thresh.tif,8725,3825.788,555.86,982.465,3747,489,156,143,152.861,72.67399999999999,142.252,170.018,255,100,3783,491,123.97,105.053,0.3911
80,81,hfd28 ep1 tip.tif  (red) thresh.tif,3684,4038.887,544.511,329.664,4001,503,75,82,80.991,57.915,53.448,84.906,255,100,4003,566,32.005,64.555,0.599
81,82,hfd28 ep1 tip.tif  (red) thresh.tif,10838,3129.797,605.755,1458.8570000000002,3056,510,128,189,163.028,84.64399999999999,80.296,210.19,255,100,3061,699,63.435,125.24799999999999,0.448
82,83,hfd28 ep1 tip.tif  (red) thresh.tif,4057,2318.982,570.08,600.759,2281,514,86,93,76.31,67.692,18.832,106.23100000000001,255,100,2288,605,56.908,81.991,0.5073
83,84,hfd28 ep1 tip.tif  (red) thresh.tif,6740,2412.75,574.123,538.0319999999999,2363,522,104,106,94.71600000000001,90.603,96.01799999999999,112.929,255,100,2372,528,140.389,100.76100000000001,0.6114
84,85,hfd28 ep1 tip.tif  (red) thresh.tif,3191,3953.312,560.445,382.49199999999996,3910,526,82,69,67.735,59.982,172.467,82.87299999999999,255,100,3910,568,171.674,64.993,0.564
85,86,hfd28 ep1 tip.tif  (red) thresh.tif,3729,2235.9539999999997,592.56,668.701,2198,538,73,106,93.881,50.574,69.443,108.853,255,100,2211,642,66.732,66.078,0.4819
86,87,hfd28 ep1 tip.tif  (red) thresh.tif,8272,2705.421,620.779,736.299,2657,553,109,134,118.214,89.095,72.61399999999999,135.484,255,100,2693,687,81.51100000000001,108.05799999999999,0.5663
87,88,hfd28 ep1 tip.tif  (red) thresh.tif,9393,2594.044,619.354,599.1030000000001,2534,555,113,130,112.836,105.991,67.813,132.774,255,100,2568,685,78.267,110.21,0.6394
88,89,hfd28 ep1 tip.tif  (red) thresh.tif,5709,3231.2340000000004,610.9069999999999,655.487,3185,555,89,102,94.70299999999999,76.755,103.289,111.508,255,100,3197,656,60.446000000000005,86.18,0.6289
89,90,hfd28 ep1 tip.tif  (red) thresh.tif,7663,3450.1479999999997,620.045,829.2689999999999,3388,555,114,116,106.676,91.462,62.703,133.6,255,100,3394,667,53.216,104.432,0.5795
90,91,hfd28 ep1 tip.tif  (red) thresh.tif,5988,3611.553,611.737,480.96,3564,560,94,110,96.65299999999999,78.882,114.425,110.766,255,100,3604,560,96.74,83.06,0.5791
91,92,hfd28 ep1 tip.tif  (red) thresh.tif,9556,3701.335,652.694,977.235,3618,568,152,167,172.878,70.38,62.637,186.067,255,100,3656,733,62.471000000000004,108.696,0.3765
92,93,hfd28 ep1 tip.tif  (red) thresh.tif,3155,2502.931,616.133,411.22,2466,570,64,88,74.265,54.091,85.461,88.051,255,100,2514,570,91.95299999999999,60.626999999999995,0.5602
93,94,hfd28 ep1 tip.tif  (red) thresh.tif,4183,3013.869,622.7130000000001,522.09,2968,580,92,82,81.35300000000001,65.468,32.592,98.234,255,100,2969,640,22.125999999999998,77.976,0.5545
94,95,hfd28 ep1 tip.tif  (red) thresh.tif,5643,2147.825,642.896,716.742,2106,589,83,115,96.62899999999999,74.355,77.393,119.921,255,100,2130,704,65.358,82.214,0.5912
95,96,hfd28 ep1 tip.tif  (red) thresh.tif,4673,4031.5029999999997,632.498,380.635,3991,589,84,85,85.074,69.937,136.531,95.0,255,100,3998,593,143.13,78.45100000000001,0.6545
96,97,hfd28 ep1 tip.tif  (red) thresh.tif,5470,3329.715,645.511,773.227,3280,595,101,100,89.713,77.632,11.078,110.635,255,100,3297,695,49.398999999999994,92.884,0.5416
97,98,hfd28 ep1 tip.tif  (red) thresh.tif,3936,2048.0660000000003,654.49,553.404,1998,600,92,108,89.955,55.711000000000006,60.141000000000005,108.374,255,100,2036,708,85.236,80.707,0.3961
98,99,hfd28 ep1 tip.tif  (red) thresh.tif,3821,3788.05,644.039,594.759,3746,600,85,94,85.354,56.998000000000005,61.422,108.227,255,100,3753,691,54.401,69.892,0.4782
99,100,hfd28 ep1 tip.tif  (red) thresh.tif,16188,3939.511,725.81,1898.9470000000001,3820,601,195,229,174.37400000000002,118.20100000000001,82.4,237.2,255,100,3825,797,53.227,182.265,0.3625
100,101,hfd28 ep1 tip.tif  (red) thresh.tif,5412,2893.68,654.569,611.1030000000001,2839,610,111,87,87.185,79.036,156.904,111.647,255,100,2839,650,173.83,84.83200000000001,0.5604
101,102,hfd28 ep1 tip.tif  (red) thresh.tif,7950,1882.01,655.22,808.541,1806,611,171,93,158.726,63.772,178.885,175.84099999999998,255,100,1810,627,160.741,91.279,0.4999
102,103,hfd28 ep1 tip.tif  (red) thresh.tif,4987,2322.856,666.682,546.617,2272,624,113,80,103.478,61.361999999999995,176.31599999999997,117.175,255,100,2272,650,158.471,79.329,0.5517
103,104,hfd28 ep1 tip.tif  (red) thresh.tif,3925,3540.388,680.3760000000001,500.475,3494,640,99,81,83.43700000000001,59.895,0.596,100.13,255,100,3494,680,171.38400000000001,77.941,0.4895
104,105,hfd28 ep1 tip.tif  (red) thresh.tif,4512,3857.656,699.8689999999999,632.115,3809,645,92,101,86.345,66.53399999999999,76.082,108.227,255,100,3824,738,58.218999999999994,85.01299999999999,0.4856
105,106,hfd28 ep1 tip.tif  (red) thresh.tif,4188,2804.2740000000003,705.293,482.09,2757,664,92,75,81.833,65.161,21.26,104.01899999999999,255,100,2759,732,37.972,74.745,0.607
106,107,hfd28 ep1 tip.tif  (red) thresh.tif,8167,2998.022,725.672,609.7719999999999,2942,668,109,116,107.3,96.911,139.273,119.775,255,100,2969,673,112.068,107.855,0.6459
107,108,hfd28 ep1 tip.tif  (red) thresh.tif,4112,3220.1409999999996,703.587,315.806,3179,668,89,76,94.677,55.299,32.339,99.045,255,100,3184,740,35.134,57.801,0.6079
108,109,hfd28 ep1 tip.tif  (red) thresh.tif,8829,2221.489,726.46,738.1560000000001,2147,669,134,116,110.243,101.969,65.125,134.015,255,100,2147,722,179.145,115.288,0.568
109,110,hfd28 ep1 tip.tif  (red) thresh.tif,7224,2078.4570000000003,749.203,699.328,2022,688,120,125,109.38799999999999,84.085,45.335,132.518,255,100,2049,813,70.608,90.819,0.4816
110,111,hfd28 ep1 tip.tif  (red) thresh.tif,16984,1864.4279999999999,784.671,2036.285,1775,697,188,205,170.27200000000002,127.001,59.665,230.53400000000002,255,100,1791,868,44.297,175.18,0.4407
111,112,hfd28 ep1 tip.tif  (red) thresh.tif,7173,2689.6609999999996,762.433,918.725,2635,697,108,126,113.059,80.78,66.59,136.88299999999998,255,100,2646,814,49.443999999999996,96.72399999999999,0.5271
112,113,hfd28 ep1 tip.tif  (red) thresh.tif,6233,3335.1609999999996,763.2239999999999,808.299,3274,703,125,141,100.565,78.915,159.47,157.003,255,100,3286,732,136.032,109.823,0.3536
113,114,hfd28 ep1 tip.tif  (red) thresh.tif,5577,3110.152,742.068,458.978,3056,704,115,70,110.884,64.039,4.61,116.456,255,100,3057,764,20.614,70.0,0.6928
114,115,hfd28 ep1 tip.tif  (red) thresh.tif,7000,3542.7690000000002,766.673,1092.7910000000002,3477,705,172,120,132.662,67.184,25.539,179.075,255,100,3481,805,20.256,95.98,0.3391
115,116,hfd28 ep1 tip.tif  (red) thresh.tif,9993,3737.5890000000004,778.283,1166.105,3665,709,141,153,136.296,93.352,40.625,166.58,255,100,3707,862,60.511,110.587,0.4632
116,117,hfd28 ep1 tip.tif  (red) thresh.tif,4440,2327.1279999999997,757.6469999999999,337.13699999999994,2283,723,89,78,88.97,63.54,12.535,96.876,255,100,2301,801,45.418,72.732,0.6396
117,118,hfd28 ep1 tip.tif  (red) thresh.tif,3561,4054.97,795.653,361.70599999999996,4022,743,58,100,89.359,50.739,81.783,104.695,255,100,4042,843,72.777,58.0,0.614
118,119,hfd28 ep1 tip.tif  (red) thresh.tif,11755,3204.0609999999997,815.8639999999999,649.186,3134,744,138,138,131.143,114.12700000000001,30.249000000000002,147.078,255,100,3176,880,67.62,122.98200000000001,0.6173
119,120,hfd28 ep1 tip.tif  (red) thresh.tif,6992,2799.861,795.9939999999999,680.073,2735,748,128,97,121.055,73.541,12.647,128.561,255,100,2735,798,174.644,89.70700000000001,0.5631
120,121,hfd28 ep1 tip.tif  (red) thresh.tif,9647,2926.428,824.965,650.5,2864,764,137,120,115.32700000000001,106.506,5.696000000000001,139.46,255,100,2869,849,18.825,112.749,0.5868
121,122,hfd28 ep1 tip.tif  (red) thresh.tif,12033,3551.083,856.92,1768.261,3442,772,222,152,201.459,76.05,15.083,223.141,255,100,3442,871,14.534,123.124,0.3566
122,123,hfd28 ep1 tip.tif  (red) thresh.tif,4586,2157.764,821.107,531.99,2103,780,103,78,85.755,68.09,19.622,104.087,255,100,2103,832,8.286,77.132,0.5708
123,124,hfd28 ep1 tip.tif  (red) thresh.tif,4328,2482.721,827.258,562.5169999999999,2431,780,92,90,81.827,67.344,143.843,106.963,255,100,2445,870,48.411,88.726,0.5227
124,125,hfd28 ep1 tip.tif  (red) thresh.tif,3872,2589.585,834.4989999999999,797.328,2537,780,95,106,83.714,58.891000000000005,67.058,114.49,255,100,2551,882,62.986999999999995,80.215,0.3845
125,126,hfd28 ep1 tip.tif  (red) thresh.tif,4048,3058.909,827.4,560.943,3008,783,112,82,95.583,53.922,151.49,114.14,255,100,3008,818,168.887,75.527,0.4408
126,127,hfd28 ep1 tip.tif  (red) thresh.tif,4134,1962.15,832.664,586.174,1916,790,90,92,77.359,68.041,98.9,97.08200000000001,255,100,1957,882,71.378,81.688,0.4993
127,128,hfd28 ep1 tip.tif  (red) thresh.tif,8155,2369.391,863.9810000000001,751.0260000000001,2308,793,115,125,106.46600000000001,97.52600000000001,36.856,129.85,255,100,2339,909,54.718999999999994,111.557,0.5673
128,129,hfd28 ep1 tip.tif  (red) thresh.tif,24433,3900.3109999999997,981.405,2539.246,3784,798,235,381,305.932,101.686,114.595,396.56800000000004,255,100,3858,804,108.98299999999999,155.19899999999998,0.2729
129,130,hfd28 ep1 tip.tif  (red) thresh.tif,4047,3794.077,855.957,485.30400000000003,3753,799,79,114,92.617,55.635,54.802,123.167,255,100,3768,912,66.557,70.903,0.4494
130,131,hfd28 ep1 tip.tif  (red) thresh.tif,8504,3306.272,868.153,833.938,3246,807,119,119,114.755,94.354,59.31100000000001,132.88299999999998,255,100,3271,925,61.699,111.68799999999999,0.6005
131,132,hfd28 ep1 tip.tif  (red) thresh.tif,10423,3984.553,907.5,1092.021,3927,816,112,188,166.68,79.619,99.04299999999999,188.322,255,100,3986,1004,86.65100000000001,104.432,0.495
132,133,hfd28 ep1 tip.tif  (red) thresh.tif,5044,2045.5379999999998,876.685,786.683,1997,821,98,109,94.455,67.992,66.365,112.87200000000001,255,100,2022,922,60.255,88.74700000000001,0.4722
133,134,hfd28 ep1 tip.tif  (red) thresh.tif,4149,2705.1420000000003,875.435,375.56300000000005,2664,833,84,89,83.618,63.177,57.533,96.385,255,100,2665,903,30.555999999999997,72.133,0.555
134,135,hfd28 ep1 tip.tif  (red) thresh.tif,9052,2808.173,898.46,610.115,2744,838,127,121,117.814,97.82600000000001,9.654,130.495,255,100,2744,908,13.290999999999999,115.274,0.5891
135,136,hfd28 ep1 tip.tif  (red) thresh.tif,4388,4055.822,901.4639999999999,404.392,4020,841,61,115,98.795,56.551,89.382,115.624,255,100,4054,841,95.95700000000001,60.705,0.6255
136,137,hfd28 ep1 tip.tif  (red) thresh.tif,6713,3009.335,901.725,494.61699999999996,2953,849,112,99,97.104,88.022,166.47799999999998,112.641,255,100,2953,898,173.88400000000001,95.154,0.6054
137,138,hfd28 ep1 tip.tif  (red) thresh.tif,8084,3114.433,916.2080000000001,550.86,3059,851,107,120,112.69,91.338,70.914,125.936,255,100,3089,969,69.55,99.25399999999999,0.6296
138,139,hfd28 ep1 tip.tif  (red) thresh.tif,4100,1733.9379999999999,897.322,569.1030000000001,1685,862,91,79,80.618,64.75399999999999,17.51,94.303,255,100,1712,941,55.803999999999995,77.08,0.5703
139,140,hfd28 ep1 tip.tif  (red) thresh.tif,6638,2148.2070000000003,914.465,543.203,2089,867,119,102,103.085,81.988,16.223,121.20200000000001,255,100,2089,919,10.939,97.94,0.5469
140,141,hfd28 ep1 tip.tif  (red) thresh.tif,6055,3395.0409999999997,924.836,525.245,3346,873,107,99,103.804,74.27,32.864000000000004,111.82600000000001,255,100,3363,971,51.9,90.508,0.5716
141,142,hfd28 ep1 tip.tif  (red) thresh.tif,4090,2482.202,920.317,710.215,2430,881,103,88,77.036,67.59899999999999,172.636,104.21600000000001,255,100,2437,940,25.581999999999997,87.064,0.4512
142,143,hfd28 ep1 tip.tif  (red) thresh.tif,9312,2901.199,952.627,495.647,2842,886,114,125,124.695,95.083,69.778,128.888,255,100,2854,996,48.145,96.111,0.6535
143,144,hfd28 ep1 tip.tif  (red) thresh.tif,5798,3213.843,946.5419999999999,670.801,3167,893,92,107,96.34299999999999,76.625,76.26,116.29700000000001,255,100,3196,1000,64.53699999999999,83.525,0.589
144,145,hfd28 ep1 tip.tif  (red) thresh.tif,15693,3675.212,967.057,1483.4260000000002,3570,896,215,145,200.548,99.632,162.968,227.30599999999998,255,100,3573,916,158.85399999999998,135.148,0.5034
145,146,hfd28 ep1 tip.tif  (red) thresh.tif,7566,1970.049,969.363,949.595,1916,902,112,120,98.87700000000001,97.427,159.727,130.602,255,100,1935,918,127.221,111.486,0.5629
146,147,hfd28 ep1 tip.tif  (red) thresh.tif,8739,2387.129,986.7719999999999,827.7539999999999,2325,925,125,117,115.25,96.545,132.707,145.086,255,100,2352,927,128.845,114.67399999999999,0.5975
147,148,hfd28 ep1 tip.tif  (red) thresh.tif,9359,2681.137,985.2739999999999,711.428,2614,927,125,120,113.755,104.75299999999999,132.659,132.09799999999998,255,100,2622,962,150.524,118.48,0.6239
148,149,hfd28 ep1 tip.tif  (red) thresh.tif,3736,3301.8759999999997,969.933,554.86,3249,934,100,72,84.881,56.041000000000004,20.371,105.546,255,100,3249,998,27.051,71.007,0.5189
149,150,hfd28 ep1 tip.tif  (red) thresh.tif,3509,1469.539,975.7260000000001,477.20300000000003,1424,941,88,77,85.54899999999999,52.225,40.185,95.131,255,100,1426,1002,33.857,59.281000000000006,0.5179
150,151,hfd28 ep1 tip.tif  (red) thresh.tif,18316,1630.5739999999998,1023.5089999999999,1889.332,1468,943,355,147,314.27099999999996,74.206,7.497999999999999,371.57099999999997,255,100,1470,1073,18.679000000000002,131.007,0.351
151,152,hfd28 ep1 tip.tif  (red) thresh.tif,4253,1859.8970000000002,995.159,474.475,1814,950,87,90,81.222,66.67,23.675,97.417,255,100,1814,1017,31.569000000000003,81.805,0.5432
152,153,hfd28 ep1 tip.tif  (red) thresh.tif,11225,3508.259,1042.15,1341.2420000000002,3413,950,196,181,175.8,81.298,40.223,201.792,255,100,3413,1086,13.761,121.67299999999999,0.3164
153,154,hfd28 ep1 tip.tif  (red) thresh.tif,5895,2076.4410000000003,1007.262,646.659,2027,955,107,101,90.16799999999999,83.242,21.433000000000003,117.068,255,100,2033,1042,34.912,97.821,0.5455
154,155,hfd28 ep1 tip.tif  (red) thresh.tif,5722,3014.006,997.8580000000001,849.955,2950,955,121,83,103.095,70.668,20.607,131.183,255,100,2951,1026,23.829,81.699,0.5698
155,156,hfd28 ep1 tip.tif  (red) thresh.tif,4949,2511.5879999999997,1017.565,732.3989999999999,2465,967,107,101,100.895,62.45399999999999,43.055,118.811,255,100,2473,1054,36.098,80.777,0.4579
156,157,hfd28 ep1 tip.tif  (red) thresh.tif,4720,3129.978,1025.463,602.659,3091,977,85,101,89.03299999999999,67.499,90.09700000000001,101.65100000000001,255,100,3120,1075,74.597,83.427,0.5498
157,158,hfd28 ep1 tip.tif  (red) thresh.tif,5519,2280.038,1040.9260000000002,463.647,2242,994,84,100,90.36200000000001,77.765,81.477,101.71,255,100,2260,1091,59.906000000000006,84.0,0.657
158,159,hfd28 ep1 tip.tif  (red) thresh.tif,20111,3395.9590000000003,1156.44,2445.464,3305,995,218,338,305.593,83.792,116.999,351.68199999999996,255,100,3346,1001,109.259,132.083,0.2729
159,160,hfd28 ep1 tip.tif  (red) thresh.tif,12155,3855.086,1103.62,1309.886,3763,1005,189,204,229.84099999999998,67.334,128.47899999999998,235.077,255,100,3771,1027,140.35,93.13799999999999,0.3153
160,161,hfd28 ep1 tip.tif  (red) thresh.tif,5897,2819.322,1053.29,513.161,2766,1007,101,91,95.876,78.312,5.1,108.67399999999999,255,100,2766,1074,26.801,86.63600000000001,0.6416
161,162,hfd28 ep1 tip.tif  (red) thresh.tif,37129,3140.696,1121.306,2732.844,2956,1010,366,217,317.966,148.67700000000002,2.2969999999999997,370.885,255,100,2956,1086,170.69,211.356,0.4675
162,163,hfd28 ep1 tip.tif  (red) thresh.tif,5239,1970.362,1073.57,648.6,1916,1024,106,104,95.971,69.506,26.408,106.25399999999999,255,100,1970,1128,71.906,90.88600000000001,0.4752
163,164,hfd28 ep1 tip.tif  (red) thresh.tif,8207,3612.03,1103.233,1027.82,3547,1025,131,147,116.78299999999999,89.478,44.313,161.15200000000002,255,100,3586,1160,55.62,108.03399999999999,0.4262
164,165,hfd28 ep1 tip.tif  (red) thresh.tif,6456,1822.894,1082.74,675.671,1771,1034,115,97,102.696,80.042,22.559,119.436,255,100,1778,1115,25.278000000000002,96.663,0.5788
165,166,hfd28 ep1 tip.tif  (red) thresh.tif,3448,2715.0370000000003,1082.642,403.22,2678,1044,73,90,78.186,56.15,74.574,91.78200000000001,255,100,2712,1134,78.69,71.46600000000001,0.5248
166,167,hfd28 ep1 tip.tif  (red) thresh.tif,25073,3799.955,1197.319,2465.0789999999997,3672,1046,258,326,305.753,104.411,124.235,376.324,255,100,3692,1046,119.971,160.21,0.2981
167,168,hfd28 ep1 tip.tif  (red) thresh.tif,5729,1604.3770000000002,1110.402,887.796,1538,1062,129,104,105.23100000000001,69.318,163.99400000000003,130.69799999999998,255,100,1538,1092,170.75400000000002,92.48299999999999,0.427
168,169,hfd28 ep1 tip.tif  (red) thresh.tif,5505,2110.37,1110.384,520.375,2058,1063,96,90,91.204,76.852,40.141999999999996,104.04299999999999,255,100,2063,1143,35.218,88.10700000000001,0.6372
169,170,hfd28 ep1 tip.tif  (red) thresh.tif,3116,1728.9620000000002,1107.603,373.12,1683,1065,78,83,68.734,57.722,48.566,85.959,255,100,1683,1120,29.249000000000002,62.821999999999996,0.4813
170,171,hfd28 ep1 tip.tif  (red) thresh.tif,6288,2900.9440000000004,1124.877,472.676,2864,1071,79,113,106.551,75.139,76.445,115.676,255,100,2866,1179,55.211000000000006,79.0,0.7044
171,172,hfd28 ep1 tip.tif  (red) thresh.tif,6370,2464.198,1120.4569999999999,482.81800000000004,2418,1073,99,110,92.344,87.829,87.40799999999999,114.01799999999999,255,100,2434,1073,105.255,94.85799999999999,0.5849
172,173,hfd28 ep1 tip.tif  (red) thresh.tif,4405,2213.554,1128.444,675.2860000000001,2165,1080,99,91,78.475,71.47,10.354000000000001,99.323,255,100,2165,1119,175.38,85.988,0.489
173,174,hfd28 ep1 tip.tif  (red) thresh.tif,5182,2785.618,1142.39,809.654,2734,1095,114,104,91.288,72.27600000000001,174.14700000000002,124.34200000000001,255,100,2739,1112,148.483,99.613,0.4371
174,175,hfd28 ep1 tip.tif  (red) thresh.tif,3298,3510.0370000000003,1157.593,448.718,3468,1119,84,81,68.663,61.156000000000006,63.748000000000005,85.15899999999999,255,100,3468,1152,170.53799999999998,73.749,0.4847
175,176,hfd28 ep1 tip.tif  (red) thresh.tif,5528,4052.119,1186.344,489.74699999999996,4012,1131,69,135,121.235,58.056000000000004,93.11,138.246,255,100,4032,1132,104.23700000000001,68.428,0.5935
176,177,hfd28 ep1 tip.tif  (red) thresh.tif,5492,2288.47,1187.213,626.215,2242,1132,94,107,92.38,75.694,58.295,109.65899999999999,255,100,2273,1132,102.64200000000001,88.475,0.546
177,178,hfd28 ep1 tip.tif  (red) thresh.tif,5666,1682.746,1183.639,521.061,1634,1135,109,91,89.05799999999999,81.005,19.727999999999998,110.16799999999999,255,100,1634,1183,171.649,87.713,0.5712
178,179,hfd28 ep1 tip.tif  (red) thresh.tif,18101,1871.7089999999998,1234.6589999999999,2086.244,1747,1138,240,202,231.67,99.48200000000001,144.864,272.663,255,100,1748,1163,147.126,190.571,0.3734
179,180,hfd28 ep1 tip.tif  (red) thresh.tif,5695,3691.317,1190.333,423.161,3643,1143,96,96,95.995,75.53699999999999,135.601,104.389,255,100,3665,1143,113.12700000000001,87.39299999999999,0.6179
180,181,hfd28 ep1 tip.tif  (red) thresh.tif,5562,3573.866,1215.369,628.8430000000001,3516,1165,113,100,99.56,71.131,34.972,125.71799999999999,255,100,3521,1251,31.666999999999998,85.934,0.4922
181,182,hfd28 ep1 tip.tif  (red) thresh.tif,4422,2587.308,1233.403,473.161,2536,1171,95,97,81.033,69.48100000000001,9.931000000000001,104.54700000000001,255,100,2580,1171,111.90299999999999,87.965,0.4799
182,183,hfd28 ep1 tip.tif  (red) thresh.tif,7234,3955.4709999999995,1240.915,731.796,3902,1181,111,130,98.334,93.666,119.501,130.863,255,100,3947,1311,83.41799999999999,99.97,0.5013
183,184,hfd28 ep1 tip.tif  (red) thresh.tif,3458,2480.975,1234.2839999999999,455.647,2444,1190,78,87,74.086,59.428999999999995,96.39399999999999,87.573,255,100,2482,1190,96.557,75.572,0.5096
184,185,hfd28 ep1 tip.tif  (red) thresh.tif,5667,2812.198,1244.76,516.2909999999999,2763,1198,103,92,101.85799999999999,70.83800000000001,25.43,112.60600000000001,255,100,2772,1284,33.408,80.38600000000001,0.598
185,186,hfd28 ep1 tip.tif  (red) thresh.tif,4647,2158.584,1253.382,568.617,2103,1207,97,96,87.169,67.877,27.386999999999997,106.024,255,100,2139,1303,64.885,84.587,0.499
186,187,hfd28 ep1 tip.tif  (red) thresh.tif,8779,3029.237,1260.884,492.676,2975,1207,116,111,112.25,99.579,144.342,123.065,255,100,2975,1227,155.518,104.001,0.6818
187,188,hfd28 ep1 tip.tif  (red) thresh.tif,4600,2911.475,1262.494,730.4580000000001,2863,1211,101,105,79.477,73.693,57.89,109.25200000000001,255,100,2863,1281,23.749000000000002,92.416,0.4338
188,189,hfd28 ep1 tip.tif  (red) thresh.tif,12252,2703.57,1300.992,959.1510000000001,2636,1214,132,176,168.21099999999998,92.73899999999999,115.241,191.416,255,100,2673,1214,116.03,116.385,0.5274
189,190,hfd28 ep1 tip.tif  (red) thresh.tif,44604,1854.455,1405.12,4057.333,1686,1216,345,352,328.246,173.015,131.151,418.07300000000004,255,100,1692,1242,133.352,312.518,0.3673
190,191,hfd28 ep1 tip.tif  (red) thresh.tif,8663,3355.82,1282.63,696.541,3296,1220,123,123,106.023,104.03399999999999,150.453,123.584,255,100,3356,1343,84.428,107.155,0.5726
191,192,hfd28 ep1 tip.tif  (red) thresh.tif,3836,2030.3010000000002,1271.465,604.9019999999999,1989,1230,87,93,84.459,57.82899999999999,39.784,109.01799999999999,255,100,1989,1306,37.921,76.416,0.4741
192,193,hfd28 ep1 tip.tif  (red) thresh.tif,5170,2252.826,1292.385,700.742,2200,1230,102,113,84.456,77.942,87.95299999999999,113.635,255,100,2234,1230,96.06200000000001,92.495,0.4486
193,194,hfd28 ep1 tip.tif  (red) thresh.tif,15717,3238.1009999999997,1338.244,1640.68,3139,1235,203,181,145.793,137.26,163.725,203.887,255,100,3139,1365,174.653,180.237,0.4278
194,195,hfd28 ep1 tip.tif  (red) thresh.tif,3489,2351.455,1274.719,467.404,2314,1236,78,77,72.02,61.681999999999995,50.41,84.38600000000001,255,100,2326,1309,49.325,68.351,0.5809
195,196,hfd28 ep1 tip.tif  (red) thresh.tif,6059,3125.033,1303.525,618.115,3072,1253,104,106,101.241,76.2,37.925,115.12200000000001,255,100,3101,1359,57.413999999999994,88.82700000000001,0.5496
196,197,hfd28 ep1 tip.tif  (red) thresh.tif,4494,2578.8979999999997,1320.566,491.26199999999994,2536,1278,99,86,85.816,66.67699999999999,20.570999999999998,100.13,255,100,2536,1331,8.616,77.416,0.5278
197,198,hfd28 ep1 tip.tif  (red) thresh.tif,4942,2829.703,1330.759,527.931,2779,1293,106,87,89.5,70.305,11.442,106.042,255,100,2779,1331,1.621,84.994,0.5359
198,199,hfd28 ep1 tip.tif  (red) thresh.tif,3209,3986.945,1330.931,368.978,3946,1296,72,73,68.39,59.743,39.16,81.39399999999999,255,100,3973,1369,63.75,65.02199999999999,0.6105
199,200,hfd28 ep1 tip.tif  (red) thresh.tif,9054,3009.5229999999997,1356.713,890.08,2915,1297,171,119,153.845,74.932,158.91,174.63400000000001,255,100,2915,1329,165.407,96.89299999999999,0.4449
200,201,hfd28 ep1 tip.tif  (red) thresh.tif,3247,3779.276,1360.84,767.227,3718,1313,114,83,79.958,51.705,170.49900000000002,119.25200000000001,255,100,3718,1340,162.933,77.115,0.3432
201,202,hfd28 ep1 tip.tif  (red) thresh.tif,10966,2190.011,1416.195,947.737,2142,1318,96,196,185.97299999999998,75.077,90.179,196.736,255,100,2170,1514,85.04299999999999,96.0,0.5828
202,203,hfd28 ep1 tip.tif  (red) thresh.tif,16981,3410.288,1405.6760000000002,1742.621,3281,1319,277,189,278.529,77.625,25.839000000000002,302.775,255,100,3281,1479,26.057,119.98100000000001,0.3244
203,204,hfd28 ep1 tip.tif  (red) thresh.tif,11054,2290.238,1421.889,1122.365,2243,1323,105,197,187.805,74.942,75.67399999999999,198.761,255,100,2260,1514,73.936,99.946,0.5344
204,205,hfd28 ep1 tip.tif  (red) thresh.tif,4054,2898.7659999999996,1384.875,309.12,2861,1339,89,85,72.944,70.762,3.2760000000000002,91.005,255,100,2861,1379,167.949,74.74600000000001,0.5359
205,206,hfd28 ep1 tip.tif  (red) thresh.tif,4403,2634.118,1383.031,392.04900000000004,2592,1340,90,88,80.735,69.438,75.882,95.016,255,100,2615,1423,59.657,78.793,0.5559
206,207,hfd28 ep1 tip.tif  (red) thresh.tif,6865,2102.552,1420.451,653.428,2049,1367,116,98,105.345,82.973,20.930999999999997,123.13,255,100,2050,1447,20.936999999999998,94.227,0.6039
207,208,hfd28 ep1 tip.tif  (red) thresh.tif,7899,2803.508,1424.701,662.215,2745,1370,115,117,110.74600000000001,90.814,141.281,128.281,255,100,2750,1389,149.036,103.0,0.5871
208,209,hfd28 ep1 tip.tif  (red) thresh.tif,4480,4019.321,1409.287,366.291,3973,1371,97,78,94.185,60.563,169.053,99.464,255,100,3973,1428,12.779000000000002,74.488,0.5921
209,210,hfd28 ep1 tip.tif  (red) thresh.tif,4826,3116.131,1422.8229999999999,507.588,3070,1372,90,96,85.889,71.542,118.059,97.57600000000001,255,100,3079,1461,65.79899999999999,86.73899999999999,0.5586
210,211,hfd28 ep1 tip.tif  (red) thresh.tif,14305,2444.0429999999997,1468.851,976.5239999999999,2359,1375,171,174,201.169,90.539,128.55200000000002,228.127,255,100,2365,1378,131.446,124.271,0.4808
211,212,hfd28 ep1 tip.tif  (red) thresh.tif,4064,3568.4829999999997,1429.781,480.032,3518,1388,88,85,91.77799999999999,56.38,38.76,104.995,255,100,3526,1460,40.365,69.579,0.5433
212,213,hfd28 ep1 tip.tif  (red) thresh.tif,3518,3754.595,1437.0420000000001,480.81800000000004,3700,1397,94,78,84.541,52.983000000000004,144.21,101.39,255,100,3700,1427,157.989,66.06,0.4798
213,214,hfd28 ep1 tip.tif  (red) thresh.tif,4984,2559.762,1447.233,541.144,2507,1398,102,98,84.684,74.935,34.444,102.176,255,100,2507,1442,176.63400000000001,85.929,0.4986
214,215,hfd28 ep1 tip.tif  (red) thresh.tif,3349,2695.66,1439.8629999999998,369.94800000000004,2659,1399,79,79,70.46,60.518,64.494,81.492,255,100,2667,1463,29.396,66.468,0.5366
215,216,hfd28 ep1 tip.tif  (red) thresh.tif,5531,3224.3959999999997,1447.445,495.20300000000003,3169,1405,108,89,94.684,74.377,8.186,108.296,255,100,3169,1455,4.236000000000001,78.257,0.5754
216,217,hfd28 ep1 tip.tif  (red) thresh.tif,9643,2950.812,1492.596,937.092,2872,1412,150,154,149.543,82.102,132.816,160.89700000000002,255,100,2895,1429,124.875,115.74799999999999,0.4174
217,218,hfd28 ep1 tip.tif  (red) thresh.tif,6529,3448.2909999999997,1472.6660000000002,858.9680000000001,3389,1420,115,113,113.839,73.024,37.621,133.417,255,100,3399,1520,40.135,91.279,0.5024
218,219,hfd28 ep1 tip.tif  (red) thresh.tif,5332,3626.965,1491.2920000000001,585.831,3582,1421,99,111,87.15700000000001,77.893,76.602,119.854,255,100,3589,1528,63.221000000000004,89.76700000000001,0.4852
219,220,hfd28 ep1 tip.tif  (red) thresh.tif,8904,1322.386,1496.8229999999999,638.701,1263,1436,117,125,120.381,94.176,61.631,136.125,255,100,1264,1543,40.83,106.545,0.6088
220,221,hfd28 ep1 tip.tif  (red) thresh.tif,4109,2365.5389999999998,1500.231,619.002,2326,1452,78,106,90.363,57.897,67.59,106.042,255,100,2354,1452,91.62100000000001,72.317,0.497
221,222,hfd28 ep1 tip.tif  (red) thresh.tif,5116,3821.528,1509.9560000000001,568.659,3777,1460,91,98,85.16,76.49,82.641,103.755,255,100,3796,1558,63.681999999999995,86.82799999999999,0.5737
222,223,hfd28 ep1 tip.tif  (red) thresh.tif,5496,3160.1040000000003,1514.904,475.647,3113,1463,99,92,93.302,75.001,5.215,102.956,255,100,3114,1493,150.945,88.505,0.6034
223,224,hfd28 ep1 tip.tif  (red) thresh.tif,4509,2738.77,1517.999,641.63,2699,1473,88,93,80.096,71.67699999999999,69.217,95.56700000000001,255,100,2725,1473,103.309,87.85799999999999,0.551
224,225,hfd28 ep1 tip.tif  (red) thresh.tif,7015,3053.6940000000004,1554.5439999999999,881.4110000000001,2987,1473,120,139,126.95,70.357,60.903999999999996,153.717,255,100,2987,1589,41.571999999999996,92.914,0.4206
225,226,hfd28 ep1 tip.tif  (red) thresh.tif,4066,2870.865,1533.759,519.446,2838,1482,72,104,84.54,61.236999999999995,90.238,106.73299999999999,255,100,2841,1586,77.005,69.033,0.543
226,227,hfd28 ep1 tip.tif  (red) thresh.tif,3017,3514.7070000000003,1532.234,791.997,3443,1486,128,86,99.81299999999999,38.485,25.961,139.542,255,100,3443,1567,27.3,66.587,0.2741
227,228,hfd28 ep1 tip.tif  (red) thresh.tif,9385,2184.3360000000002,1548.894,1556.739,2065,1490,216,125,186.15,64.192,162.07399999999998,220.465,255,100,2066,1503,157.04,99.76299999999999,0.3476
228,229,hfd28 ep1 tip.tif  (red) thresh.tif,7198,3730.599,1559.23,828.198,3673,1490,102,155,145.11700000000002,63.153999999999996,96.619,157.69,255,100,3703,1490,100.59700000000001,94.71700000000001,0.4553
229,230,hfd28 ep1 tip.tif  (red) thresh.tif,4961,3263.127,1536.8470000000002,485.404,3218,1493,100,90,90.48299999999999,69.809,25.318,101.272,255,100,3218,1546,9.09,84.919,0.5512
230,231,hfd28 ep1 tip.tif  (red) thresh.tif,4678,3364.361,1545.015,635.144,3320,1494,114,86,93.148,63.943000000000005,158.37,114.98299999999999,255,100,3320,1562,7.496,83.633,0.4772
231,232,hfd28 ep1 tip.tif  (red) thresh.tif,5691,2574.295,1551.2379999999998,526.96,2526,1502,100,98,90.984,79.64,176.493,102.883,255,100,2529,1576,21.076999999999998,93.508,0.5807
232,233,hfd28 ep1 tip.tif  (red) thresh.tif,4457,4010.0170000000003,1600.365,1045.98,3961,1522,91,164,120.87700000000001,46.946999999999996,98.579,166.90400000000002,255,100,3995,1522,100.704,80.303,0.2986
233,234,hfd28 ep1 tip.tif  (red) thresh.tif,6446,2038.503,1600.024,814.825,1990,1538,99,121,101.818,80.607,96.695,125.16,255,100,2026,1659,75.187,98.488,0.5381
234,235,hfd28 ep1 tip.tif  (red) thresh.tif,4979,3566.7459999999996,1595.578,769.7130000000001,3507,1539,114,98,94.83,66.851,24.453000000000003,117.068,255,100,3509,1614,34.912,83.74600000000001,0.4457
235,236,hfd28 ep1 tip.tif  (red) thresh.tif,5241,3840.097,1604.7920000000001,536.375,3795,1554,89,102,85.441,78.101,75.548,107.205,255,100,3809,1656,72.072,87.712,0.5773
236,237,hfd28 ep1 tip.tif  (red) thresh.tif,10829,2448.224,1609.356,759.37,2368,1555,154,108,137.77200000000002,100.07799999999999,7.0520000000000005,155.541,255,100,2370,1619,12.249,105.53399999999999,0.6511
237,238,hfd28 ep1 tip.tif  (red) thresh.tif,7534,2672.313,1610.085,605.63,2617,1557,115,102,105.626,90.816,20.676,119.50299999999999,255,100,2629,1650,44.661,101.73100000000001,0.6423
238,239,hfd28 ep1 tip.tif  (red) thresh.tif,5865,3165.67,1600.4620000000002,551.446,3113,1559,116,79,108.69,68.705,175.562,117.098,255,100,3113,1583,172.14700000000002,78.095,0.64
239,240,hfd28 ep1 tip.tif  (red) thresh.tif,7649,2140.263,1632.259,542.86,2091,1565,101,125,116.162,83.84,123.462,140.431,255,100,2103,1565,117.11200000000001,96.40799999999999,0.6059
240,241,hfd28 ep1 tip.tif  (red) thresh.tif,4876,1767.09,1608.105,633.446,1701,1576,184,72,131.52700000000002,47.202,20.654,193.53599999999997,255,100,1701,1638,18.06,65.111,0.3681
241,242,hfd28 ep1 tip.tif  (red) thresh.tif,22869,3489.087,1698.899,2228.1679999999997,3378,1577,215,282,231.567,125.742,121.28,299.628,255,100,3433,1578,110.31,181.399,0.3772
242,243,hfd28 ep1 tip.tif  (red) thresh.tif,3692,2900.3720000000003,1616.453,325.664,2854,1581,86,69,76.107,61.765,14.338,89.493,255,100,2855,1628,18.232,67.561,0.6222
243,244,hfd28 ep1 tip.tif  (red) thresh.tif,5000,1945.287,1642.3220000000001,850.0980000000001,1901,1583,86,139,100.575,63.298,92.678,139.80700000000002,255,100,1949,1722,83.84100000000001,82.302,0.4183
244,245,hfd28 ep1 tip.tif  (red) thresh.tif,3339,3942.402,1635.3139999999999,574.659,3904,1583,72,99,79.998,53.143,74.89,100.807,255,100,3927,1682,79.13600000000001,71.597,0.4684
245,246,hfd28 ep1 tip.tif  (red) thresh.tif,6829,3313.145,1619.4260000000002,629.144,3238,1584,161,76,155.94299999999998,55.757,7.757000000000001,164.976,255,100,3238,1638,12.604000000000001,71.654,0.5581
246,247,hfd28 ep1 tip.tif  (red) thresh.tif,5938,2562.462,1643.0610000000001,391.07800000000003,2509,1595,105,87,96.23899999999999,78.56,169.53,105.07600000000001,255,100,2509,1651,177.81799999999998,86.854,0.65
247,248,hfd28 ep1 tip.tif  (red) thresh.tif,3254,2785.0009999999997,1634.213,506.333,2741,1596,87,70,76.11399999999999,54.433,21.802,91.92399999999999,255,100,2743,1658,30.75,64.315,0.5343
248,249,hfd28 ep1 tip.tif  (red) thresh.tif,4305,3076.1009999999997,1656.8870000000002,513.889,3030,1616,96,78,83.441,65.69,14.940999999999999,96.333,255,100,3030,1650,4.763999999999999,73.913,0.5749
249,250,hfd28 ep1 tip.tif  (red) thresh.tif,7344,2243.556,1676.425,524.96,2183,1619,113,111,118.87299999999999,78.661,43.183,128.701,255,100,2185,1704,32.949,88.198,0.5855
250,251,hfd28 ep1 tip.tif  (red) thresh.tif,5467,3652.8979999999997,1677.826,635.487,3600,1624,100,95,89.57799999999999,77.706,8.015,111.414,255,100,3600,1697,28.405,90.678,0.5755
251,252,hfd28 ep1 tip.tif  (red) thresh.tif,17521,3175.699,1737.305,984.566,3092,1634,162,204,211.56599999999997,105.444,62.986999999999995,220.565,255,100,3116,1834,65.062,123.824,0.5302
252,253,hfd28 ep1 tip.tif  (red) thresh.tif,5214,3748.125,1699.48,714.257,3703,1645,90,107,99.755,66.55,61.856,120.507,255,100,3704,1741,49.038000000000004,82.73899999999999,0.5414
253,254,hfd28 ep1 tip.tif  (red) thresh.tif,8895,3861.4640000000004,1702.81,546.4159999999999,3796,1647,138,113,119.415,94.84100000000001,5.955,141.014,255,100,3796,1717,11.868,102.085,0.5704
254,255,hfd28 ep1 tip.tif  (red) thresh.tif,33543,3288.1620000000003,1819.273,2715.111,3128,1648,292,316,246.304,173.39700000000002,75.46,324.099,255,100,3257,1964,77.164,281.945,0.3635
255,256,hfd28 ep1 tip.tif  (red) thresh.tif,7596,2452.482,1719.9170000000001,715.328,2399,1663,110,118,106.74600000000001,90.603,76.94800000000001,139.786,255,100,2426,1780,56.083,101.0,0.5852
256,257,hfd28 ep1 tip.tif  (red) thresh.tif,8297,2904.386,1716.213,809.955,2838,1664,129,120,123.30799999999999,85.67200000000001,145.47,150.07299999999998,255,100,2844,1673,132.299,94.79700000000001,0.536
257,258,hfd28 ep1 tip.tif  (red) thresh.tif,6167,2660.1040000000003,1716.267,745.529,2612,1666,105,107,104.449,75.176,28.857,126.811,255,100,2616,1758,41.483000000000004,93.0,0.5489
258,259,hfd28 ep1 tip.tif  (red) thresh.tif,5960,2771.393,1729.101,456.777,2725,1680,95,96,89.537,84.75299999999999,171.375,102.57700000000001,255,100,2740,1682,119.814,93.48200000000001,0.6535
259,260,hfd28 ep1 tip.tif  (red) thresh.tif,7490,2547.576,1741.9,721.914,2490,1686,115,114,112.11,85.065,42.406000000000006,142.762,255,100,2511,1796,50.4,97.134,0.5713
260,261,hfd28 ep1 tip.tif  (red) thresh.tif,3404,3994.159,1724.245,489.404,3950,1688,91,73,87.181,49.714,167.593,97.693,255,100,3951,1701,157.109,68.02199999999999,0.5124
261,262,hfd28 ep1 tip.tif  (red) thresh.tif,3073,2149.315,1730.2420000000002,343.865,2115,1697,77,66,65.84,59.427,67.962,77.318,255,100,2115,1741,5.194,66.0,0.6047
262,263,hfd28 ep1 tip.tif  (red) thresh.tif,6229,2320.6839999999997,1755.634,563.487,2269,1704,113,102,95.241,83.273,31.342,113.35799999999999,255,100,2269,1752,175.446,90.603,0.5404
263,264,hfd28 ep1 tip.tif  (red) thresh.tif,5421,1566.8410000000001,1796.816,435.647,1522,1749,88,104,96.391,71.60600000000001,67.406,107.912,255,100,1562,1853,69.382,82.005,0.5923
264,265,hfd28 ep1 tip.tif  (red) thresh.tif,3976,2857.284,1795.406,394.534,2812,1754,88,84,86.99600000000001,58.191,140.846,95.525,255,100,2818,1769,149.139,66.187,0.5379
265,266,hfd28 ep1 tip.tif  (red) thresh.tif,4410,3032.132,1800.639,516.2330000000001,2989,1755,92,89,90.486,62.053999999999995,122.03200000000001,104.86200000000001,255,100,2995,1762,145.09799999999998,72.694,0.5386
266,267,hfd28 ep1 tip.tif  (red) thresh.tif,7223,2684.776,1811.967,514.475,2628,1762,115,99,114.209,80.524,25.236,123.491,255,100,2628,1833,21.371,89.367,0.6344
267,268,hfd28 ep1 tip.tif  (red) thresh.tif,5133,2386.805,1817.973,442.09,2338,1781,101,83,100.417,65.084,21.866999999999997,108.046,255,100,2345,1850,30.6,71.80199999999999,0.6123
268,269,hfd28 ep1 tip.tif  (red) thresh.tif,5184,2568.618,1830.513,629.286,2512,1788,110,94,104.061,63.428999999999995,29.144000000000002,121.824,255,100,2522,1863,37.999,70.926,0.5014
269,270,hfd28 ep1 tip.tif  (red) thresh.tif,7924,2260.92,1864.22,686.8839999999999,2198,1806,123,124,114.807,87.88,40.787,130.188,255,100,2224,1924,65.01,96.234,0.5195
270,271,hfd28 ep1 tip.tif  (red) thresh.tif,40542,1453.54,1972.424,4539.892,1319,1815,325,322,250.62099999999998,205.967,39.769,353.36199999999997,255,100,1325,2097,25.476999999999997,274.952,0.3874
271,272,hfd28 ep1 tip.tif  (red) thresh.tif,4614,3075.967,1876.84,326.534,3033,1830,91,87,79.607,73.797,20.116,93.963,255,100,3034,1864,163.30100000000002,73.498,0.5828
272,273,hfd28 ep1 tip.tif  (red) thresh.tif,3562,2440.729,1882.213,711.872,2390,1841,102,88,93.345,48.586000000000006,30.643,108.853,255,100,2404,1918,38.66,66.172,0.3968
273,274,hfd28 ep1 tip.tif  (red) thresh.tif,7049,2120.5570000000002,1903.989,688.5,2048,1842,134,115,139.188,64.482,34.49,158.808,255,100,2048,1947,36.293,76.571,0.4574
274,275,hfd28 ep1 tip.tif  (red) thresh.tif,34973,2923.796,1989.7779999999998,2696.643,2790,1844,304,273,241.322,184.521,144.572,333.662,255,100,2815,1880,146.739,236.648,0.4214
275,276,hfd28 ep1 tip.tif  (red) thresh.tif,4902,4016.6490000000003,1913.121,991.938,3962,1858,103,115,87.037,71.71,85.86399999999999,115.73200000000001,255,100,4018,1973,83.55,94.31299999999999,0.4138
276,277,hfd28 ep1 tip.tif  (red) thresh.tif,13606,2644.792,1952.636,1114.992,2567,1867,138,191,164.71099999999998,105.176,107.28,196.451,255,100,2646,2057,73.133,137.161,0.5162
277,278,hfd28 ep1 tip.tif  (red) thresh.tif,30123,2287.002,1988.339,2468.092,2123,1886,323,203,263.055,145.80100000000002,179.358,325.983,255,100,2123,2055,7.757000000000001,199.546,0.4594
278,279,hfd28 ep1 tip.tif  (red) thresh.tif,8736,2755.6620000000003,1965.899,942.9680000000001,2700,1894,120,133,115.93799999999999,95.939,86.986,138.885,255,100,2725,1894,106.73899999999999,114.639,0.5474
279,280,hfd28 ep1 tip.tif  (red) thresh.tif,6387,2503.493,1950.767,491.061,2454,1902,104,96,108.679,74.827,23.271,125.25200000000001,255,100,2454,1988,38.516999999999996,83.825,0.6397
280,281,hfd28 ep1 tip.tif  (red) thresh.tif,32949,1983.815,2049.933,2990.667,1836,1903,283,342,242.90400000000002,172.71,87.325,348.695,255,100,1949,2245,78.755,274.014,0.3404
281,282,hfd28 ep1 tip.tif  (red) thresh.tif,5353,3128.4970000000003,1949.711,429.161,3075,1909,104,95,85.05,80.137,169.61900000000003,105.546,255,100,3075,1961,9.818999999999999,84.87700000000001,0.5418
282,283,hfd28 ep1 tip.tif  (red) thresh.tif,6497,2563.112,2024.668,548.0319999999999,2507,1969,107,100,107.175,77.184,34.088,125.208,255,100,2513,2057,36.229,91.803,0.6072
283,284,hfd28 ep1 tip.tif  (red) thresh.tif,23002,1835.506,2094.9970000000003,1683.894,1654,2001,334,197,277.73400000000004,105.45,22.135,358.95,255,100,1655,2174,21.92,160.661,0.3496
284,285,hfd28 ep1 tip.tif  (red) thresh.tif,5335,1266.347,2060.66,581.002,1215,2008,103,96,93.916,72.328,20.701,104.346,255,100,1215,2054,167.829,87.654,0.5395
285,286,hfd28 ep1 tip.tif  (red) thresh.tif,6176,1732.112,2061.909,638.558,1678,2015,103,111,94.73200000000001,83.008,38.271,137.612,255,100,1678,2126,52.381,94.816,0.5402
286,287,hfd28 ep1 tip.tif  (red) thresh.tif,5801,2255.75,2094.936,979.98,2182,2037,158,108,118.155,62.512,14.719000000000001,158.808,255,100,2182,2098,5.782,102.178,0.34
287,288,hfd28 ep1 tip.tif  (red) thresh.tif,3350,3164.048,2089.284,502.475,3123,2037,90,107,96.479,44.21,122.33,110.354,255,100,3141,2037,104.162,68.082,0.3479
288,289,hfd28 ep1 tip.tif  (red) thresh.tif,7032,2717.4970000000003,2108.8920000000003,423.848,2662,2062,117,100,108.035,82.875,159.032,117.209,255,100,2662,2090,176.576,91.10799999999999,0.601
289,290,hfd28 ep1 tip.tif  (red) thresh.tif,5038,2130.005,2108.772,531.203,2088,2063,94,99,98.416,65.178,51.053000000000004,122.495,255,100,2090,2150,42.022,77.444,0.5414
290,291,hfd28 ep1 tip.tif  (red) thresh.tif,9541,1607.326,2131.397,848.181,1539,2066,130,141,126.045,96.37799999999999,36.266999999999996,150.083,255,100,1576,2200,60.018,116.663,0.5205
291,292,hfd28 ep1 tip.tif  (red) thresh.tif,3247,2927.03,2097.474,339.22,2886,2066,90,65,78.09899999999999,52.93600000000001,167.88,90.796,255,100,2886,2087,172.405,57.144,0.555
292,293,hfd28 ep1 tip.tif  (red) thresh.tif,6352,2812.574,2143.946,625.7130000000001,2766,2087,118,115,106.17299999999999,76.17399999999999,47.385,129.468,255,100,2780,2200,38.729,87.13,0.4681
293,294,hfd28 ep1 tip.tif  (red) thresh.tif,10177,1395.954,2173.493,1030.95,1292,2110,219,137,209.115,61.965,27.361,228.002,255,100,1295,2212,18.673,81.956,0.3392
294,295,hfd28 ep1 tip.tif  (red) thresh.tif,4879,3465.369,2161.531,374.87699999999995,3422,2121,85,88,87.191,71.248,127.695,101.213,255,100,3430,2121,127.77600000000001,81.335,0.6523
295,296,hfd28 ep1 tip.tif  (red) thresh.tif,20136,3062.5890000000004,2242.185,1858.8229999999999,2929,2128,244,196,192.21599999999998,133.381,23.223000000000003,251.104,255,100,2947,2314,46.452,191.283,0.421
296,297,hfd28 ep1 tip.tif  (red) thresh.tif,4385,3002.632,2178.708,377.907,2958,2136,85,80,83.764,66.654,40.952,96.255,255,100,2958,2202,32.699,76.297,0.6449
297,298,hfd28 ep1 tip.tif  (red) thresh.tif,5130,3216.592,2189.244,592.4159999999999,3169,2142,91,100,86.30799999999999,75.68,90.898,106.23100000000001,255,100,3204,2242,67.297,89.7,0.5637
298,299,hfd28 ep1 tip.tif  (red) thresh.tif,8995,2239.342,2202.92,682.742,2180,2150,122,107,114.041,100.427,7.522,135.248,255,100,2189,2150,141.605,107.0,0.6891
299,300,hfd28 ep1 tip.tif  (red) thresh.tif,3908,1523.775,2193.089,651.286,1468,2154,106,86,81.128,61.333,153.184,109.25200000000001,255,100,1468,2193,156.251,82.785,0.4287
300,301,hfd28 ep1 tip.tif  (red) thresh.tif,3878,1765.779,2216.337,425.605,1722,2177,87,74,76.685,64.388,33.8,89.359,255,100,1727,2242,31.734,73.193,0.6024
301,302,hfd28 ep1 tip.tif  (red) thresh.tif,20439,1630.193,2327.725,1975.09,1525,2190,193,291,270.594,96.17299999999999,68.589,308.61,255,100,1564,2481,62.605,138.274,0.3639
302,303,hfd28 ep1 tip.tif  (red) thresh.tif,13768,2020.287,2286.731,855.453,1936,2215,161,137,159.672,109.788,8.994,166.76,255,100,1937,2261,163.63,125.802,0.6242
303,304,hfd28 ep1 tip.tif  (red) thresh.tif,4025,3304.158,2279.4570000000003,643.7719999999999,3259,2229,88,98,77.97800000000001,65.721,80.673,101.139,255,100,3279,2229,104.311,82.039,0.4667
304,305,hfd28 ep1 tip.tif  (red) thresh.tif,5659,1540.4720000000002,2283.688,511.546,1484,2245,109,85,99.68299999999999,72.282,165.78900000000002,109.458,255,100,1484,2284,174.75799999999998,83.06,0.6108
305,306,hfd28 ep1 tip.tif  (red) thresh.tif,3846,1759.434,2292.405,468.09,1701,2257,112,67,99.68299999999999,49.123999999999995,20.452,116.48200000000001,255,100,1701,2300,15.945,57.806000000000004,0.5125
306,307,hfd28 ep1 tip.tif  (red) thresh.tif,6916,2873.0170000000003,2307.2,664.943,2810,2266,115,100,105.49799999999999,83.46799999999999,8.187999999999999,119.038,255,100,2811,2317,21.176,98.764,0.6014
307,308,hfd28 ep1 tip.tif  (red) thresh.tif,3650,825.237,2324.679,633.7719999999999,775,2272,91,96,78.128,59.483000000000004,155.933,109.01799999999999,255,100,777,2297,142.079,82.565,0.4178
308,309,hfd28 ep1 tip.tif  (red) thresh.tif,11419,2625.058,2346.812,915.252,2501,2294,207,109,175.22799999999998,82.973,6.84,207.28,255,100,2501,2328,173.62900000000002,103.404,0.5061
309,310,hfd28 ep1 tip.tif  (red) thresh.tif,4263,1484.5320000000002,2359.265,796.482,1429,2313,116,94,87.506,62.028,157.783,121.852,255,100,1433,2319,156.80100000000002,91.71600000000001,0.391
310,311,hfd28 ep1 tip.tif  (red) thresh.tif,8137,2771.961,2366.657,536.7180000000001,2713,2314,119,112,112.04,92.47,167.321,121.05,255,100,2713,2380,12.888,107.315,0.6105
311,312,hfd28 ep1 tip.tif  (red) thresh.tif,14693,3084.9790000000003,2369.488,1115.4360000000001,2970,2315,221,113,213.079,87.79700000000001,176.06099999999998,225.338,255,100,2970,2347,168.74,112.17200000000001,0.5884
312,313,hfd28 ep1 tip.tif  (red) thresh.tif,6837,1752.229,2377.221,573.446,1692,2328,117,111,101.17299999999999,86.042,9.277999999999999,117.38799999999999,255,100,1692,2385,8.82,100.743,0.5264
313,314,hfd28 ep1 tip.tif  (red) thresh.tif,17823,2958.61,2446.394,1219.318,2846,2341,209,209,231.49599999999998,98.027,133.694,257.42,255,100,2846,2371,142.418,129.8,0.408
314,315,hfd28 ep1 tip.tif  (red) thresh.tif,12735,1312.5220000000002,2447.221,1145.4180000000001,1227,2362,170,169,182.329,88.931,132.47899999999998,192.481,255,100,1234,2396,146.227,113.984,0.4433
315,316,hfd28 ep1 tip.tif  (red) thresh.tif,3283,4053.098,2416.782,449.12,4014,2377,69,77,71.857,58.172,71.008,91.285,255,100,4016,2446,47.22,66.453,0.6179
316,317,hfd28 ep1 tip.tif  (red) thresh.tif,5720,2096.2070000000003,2420.575,550.174,2037,2381,120,84,109.557,66.476,10.856,120.337,255,100,2037,2417,175.71099999999998,73.715,0.5675
317,318,hfd28 ep1 tip.tif  (red) thresh.tif,31751,1515.335,2535.851,2165.883,1368,2408,285,269,252.81,159.909,165.429,290.078,255,100,1473,2409,112.49799999999999,222.976,0.4142
318,319,hfd28 ep1 tip.tif  (red) thresh.tif,9938,1689.24,2483.867,1529.225,1622,2408,148,194,135.96,93.06700000000001,76.833,194.041,255,100,1686,2408,91.181,137.88299999999998,0.3461
319,320,hfd28 ep1 tip.tif  (red) thresh.tif,6502,3098.441,2462.089,419.94800000000004,3048,2416,100,91,94.31200000000001,87.779,16.938,108.81200000000001,255,100,3060,2500,36.027,90.06299999999999,0.7145
320,321,hfd28 ep1 tip.tif  (red) thresh.tif,15419,3490.613,2511.923,1177.318,3389,2425,199,195,210.729,93.163,43.888000000000005,224.183,255,100,3389,2548,28.508000000000003,135.319,0.3973
321,322,hfd28 ep1 tip.tif  (red) thresh.tif,5425,1990.963,2485.59,476.475,1941,2437,105,93,90.806,76.067,160.97299999999998,107.28,255,100,1941,2508,11.834000000000001,89.557,0.5556
322,323,hfd28 ep1 tip.tif  (red) thresh.tif,6214,3207.5440000000003,2494.261,593.99,3156,2437,102,102,102.439,77.235,58.586999999999996,122.88600000000001,255,100,3157,2539,55.275,91.919,0.5973
323,324,hfd28 ep1 tip.tif  (red) thresh.tif,7873,2884.288,2512.8920000000003,678.4580000000001,2828,2453,112,116,117.022,85.661,52.395,130.384,255,100,2836,2557,41.269,100.95,0.606
324,325,hfd28 ep1 tip.tif  (red) thresh.tif,5474,4039.636,2509.2470000000003,601.002,3988,2459,95,96,90.21799999999999,77.25399999999999,33.602,105.759,255,100,4009,2553,49.986000000000004,95.0,0.6002
325,326,hfd28 ep1 tip.tif  (red) thresh.tif,13497,3589.365,2553.715,1050.122,3507,2460,155,177,197.016,87.226,53.937,205.798,255,100,3507,2627,44.016000000000005,105.285,0.492
326,327,hfd28 ep1 tip.tif  (red) thresh.tif,6872,2495.749,2566.5820000000003,671.186,2442,2524,128,105,118.291,73.968,31.54,138.654,255,100,2446,2592,27.489,90.104,0.5113
327,328,hfd28 ep1 tip.tif  (red) thresh.tif,20217,3204.8059999999996,2663.542,1796.864,3122,2547,171,259,230.34799999999998,111.749,85.955,266.086,255,100,3174,2806,76.747,162.776,0.4565
328,329,hfd28 ep1 tip.tif  (red) thresh.tif,17383,3397.205,2675.6440000000002,1661.1660000000002,3313,2569,198,216,163.097,135.703,104.12299999999999,216.668,255,100,3380,2569,94.5,179.958,0.4064
329,330,hfd28 ep1 tip.tif  (red) thresh.tif,5557,3658.6420000000003,2614.426,369.765,3607,2571,105,77,99.946,70.792,179.94400000000002,107.787,255,100,3614,2595,154.148,76.123,0.6873
330,331,hfd28 ep1 tip.tif  (red) thresh.tif,5914,1823.275,2636.583,583.872,1765,2593,125,100,99.041,76.028,13.885,125.064,255,100,1765,2615,178.167,92.06299999999999,0.4731
331,332,hfd28 ep1 tip.tif  (red) thresh.tif,11196,1676.259,2671.0490000000004,703.227,1614,2604,132,137,136.36,104.541,45.456,154.40200000000002,255,100,1621,2734,53.427,109.726,0.6191
332,333,hfd28 ep1 tip.tif  (red) thresh.tif,6200,1459.664,2685.462,720.115,1421,2613,87,129,115.863,68.133,103.63,131.484,255,100,1427,2624,116.175,86.569,0.5524
333,334,hfd28 ep1 tip.tif  (red) thresh.tif,7508,1895.951,2700.705,548.96,1842,2639,102,134,111.815,85.494,67.734,135.204,255,100,1882,2773,82.34899999999999,93.78299999999999,0.5493
334,335,hfd28 ep1 tip.tif  (red) thresh.tif,17994,1614.141,2781.1279999999997,1509.283,1491,2702,258,144,240.36599999999999,95.316,171.27700000000002,260.655,255,100,1494,2813,11.957,130.398,0.4843
335,336,hfd28 ep1 tip.tif  (red) thresh.tif,18955,1816.049,2821.664,1690.8229999999999,1713,2704,213,206,166.33700000000002,145.092,26.914,224.50799999999998,255,100,1713,2890,27.022,184.118,0.432
336,337,hfd28 ep1 tip.tif  (red) thresh.tif,23972,3502.598,2876.175,2443.222,3377,2705,216,355,290.45599999999996,105.083,104.164,368.278,255,100,3482,2705,105.43299999999999,180.89700000000002,0.3126
337,338,hfd28 ep1 tip.tif  (red) thresh.tif,3154,3127.988,2751.9759999999997,451.404,3088,2712,72,88,71.642,56.053999999999995,81.518,89.62700000000001,255,100,3121,2712,100.934,67.741,0.4978
338,339,hfd28 ep1 tip.tif  (red) thresh.tif,6892,2699.27,2778.368,685.387,2613,2733,142,86,119.65700000000001,73.336,10.4,149.696,255,100,2613,2802,20.735,85.741,0.5644
339,340,hfd28 ep1 tip.tif  (red) thresh.tif,3498,1957.598,2770.027,313.32099999999997,1915,2735,90,71,86.943,51.226000000000006,20.586,96.602,255,100,1919,2799,27.096,59.032,0.5474
340,341,hfd28 ep1 tip.tif  (red) thresh.tif,9257,1429.3339999999998,2813.145,649.487,1363,2746,135,119,113.074,104.236,179.507,136.066,255,100,1363,2813,172.82299999999998,118.405,0.5762
341,342,hfd28 ep1 tip.tif  (red) thresh.tif,5805,3288.5690000000004,2798.605,649.73,3231,2746,115,98,99.727,74.11399999999999,35.26,123.065,255,100,3231,2826,24.482,89.228,0.5151
342,343,hfd28 ep1 tip.tif  (red) thresh.tif,6104,3092.969,2818.204,875.4110000000001,3023,2759,154,106,132.256,58.763999999999996,158.009,154.08100000000002,255,100,3023,2826,1.86,78.262,0.3739
343,344,hfd28 ep1 tip.tif  (red) thresh.tif,3152,3397.3140000000003,2814.348,434.87699999999995,3358,2782,74,73,67.064,59.842,176.03099999999998,84.06,255,100,3376,2855,57.633,67.88,0.5835
344,345,hfd28 ep1 tip.tif  (red) thresh.tif,4050,3198.573,2867.1209999999996,593.931,3162,2824,85,95,82.51,62.497,66.729,99.73,255,100,3172,2916,63.178000000000004,78.71,0.5015
345,346,hfd28 ep1 tip.tif  (red) thresh.tif,9781,3024.059,2925.79,905.938,2970,2829,112,177,160.10399999999998,77.78399999999999,94.32600000000001,177.18099999999998,255,100,3021,2829,92.588,104.52799999999999,0.4934
346,347,hfd28 ep1 tip.tif  (red) thresh.tif,10225,2772.067,2914.975,1193.36,2670,2844,204,171,207.321,62.79600000000001,147.74200000000002,238.53099999999998,255,100,2680,2851,137.549,95.85700000000001,0.2931
347,348,hfd28 ep1 tip.tif  (red) thresh.tif,5099,3294.242,2885.272,647.73,3236,2845,119,80,108.125,60.044,12.927999999999999,124.92,255,100,3236,2908,17.71,74.164,0.5356
348,349,hfd28 ep1 tip.tif  (red) thresh.tif,6788,1560.815,2889.042,734.943,1458,2849,162,91,118.572,72.89,178.62599999999998,162.52100000000002,255,100,1458,2877,175.412,84.17200000000001,0.4605
349,350,hfd28 ep1 tip.tif  (red) thresh.tif,18871,1615.0520000000001,2981.347,1930.261,1463,2873,267,185,210.592,114.094,27.929000000000002,304.311,255,100,1463,3058,28.671,185.0,0.382
350,351,hfd28 ep1 tip.tif  (red) thresh.tif,8244,1362.642,2925.1290000000004,674.073,1312,2875,112,119,107.035,98.06700000000001,71.521,131.366,255,100,1317,2879,129.75,112.0,0.6185
351,352,hfd28 ep1 tip.tif  (red) thresh.tif,21068,2584.422,2970.3109999999997,1616.396,2466,2886,249,172,197.03599999999997,136.141,0.5379999999999999,260.634,255,100,2466,2907,162.816,165.315,0.4919
352,353,hfd28 ep1 tip.tif  (red) thresh.tif,3184,4003.9570000000003,2922.6440000000002,339.56300000000005,3968,2888,74,82,69.525,58.31,39.459,87.693,255,100,3980,2970,45.924,63.856,0.5247
353,354,hfd28 ep1 tip.tif  (red) thresh.tif,6682,1467.116,2949.248,532.7180000000001,1424,2891,94,108,99.75399999999999,85.287,77.014,108.904,255,100,1453,2891,97.38600000000001,90.86,0.6582
354,355,hfd28 ep1 tip.tif  (red) thresh.tif,4110,2944.923,2944.395,397.12,2900,2904,89,75,85.65299999999999,61.096000000000004,36.096,101.02,255,100,2903,2975,31.645,69.817,0.6157
355,356,hfd28 ep1 tip.tif  (red) thresh.tif,4749,3304.797,2961.55,414.04900000000004,3259,2919,93,81,90.762,66.62100000000001,19.11,99.705,255,100,3274,2993,44.593999999999994,75.7,0.6304
356,357,hfd28 ep1 tip.tif  (red) thresh.tif,6759,1203.1960000000001,2995.868,733.813,1152,2934,105,115,102.20200000000001,84.204,109.125,121.083,255,100,1167,2943,138.013,97.62700000000001,0.5598
357,358,hfd28 ep1 tip.tif  (red) thresh.tif,6335,3108.9440000000004,2993.3509999999997,657.671,3033,2943,140,97,124.675,64.696,30.948,155.20600000000002,255,100,3033,3030,25.574,79.563,0.4665
358,359,hfd28 ep1 tip.tif  (red) thresh.tif,4816,2358.783,3009.244,504.61699999999996,2300,2964,108,89,96.553,63.508,17.157,110.85600000000001,255,100,2300,3013,13.033,84.742,0.501
359,360,hfd28 ep1 tip.tif  (red) thresh.tif,5236,3211.091,3015.7529999999997,550.7180000000001,3164,2966,99,89,93.18,71.546,38.137,114.809,255,100,3164,3053,37.569,86.53,0.5943
360,361,hfd28 ep1 tip.tif  (red) thresh.tif,5551,2456.1620000000003,3013.988,373.17900000000003,2409,2970,91,83,91.911,76.898,24.543000000000003,102.65,255,100,2419,3053,47.763999999999996,77.403,0.7349
361,362,hfd28 ep1 tip.tif  (red) thresh.tif,5134,2083.583,3013.33,485.30400000000003,2032,2971,109,85,104.59299999999999,62.498000000000005,36.723,119.365,255,100,2034,3046,31.293000000000003,73.218,0.5541
362,363,hfd28 ep1 tip.tif  (red) thresh.tif,10115,1854.914,3024.0609999999997,1211.5610000000001,1735,2974,226,85,202.253,63.677,5.63,229.00900000000001,255,100,1735,3059,9.298,82.307,0.5265
363,364,hfd28 ep1 tip.tif  (red) thresh.tif,3416,1316.3670000000002,3018.64,431.605,1274,2975,89,81,72.732,59.8,130.38,89.022,255,100,1274,3008,178.713,70.676,0.4739
364,365,hfd28 ep1 tip.tif  (red) thresh.tif,3942,3470.968,3019.801,471.74699999999996,3422,2976,90,82,82.82799999999999,60.597,61.824,96.83,255,100,3428,3055,51.71,69.925,0.5341
365,366,hfd28 ep1 tip.tif  (red) thresh.tif,5427,2942.203,3024.586,438.291,2882,2987,120,71,103.81299999999999,66.561,11.298,124.72399999999999,255,100,2882,3049,15.819,71.0,0.637
366,367,hfd28 ep1 tip.tif  (red) thresh.tif,4292,2683.135,3034.011,424.836,2629,2995,109,64,97.90899999999999,55.815,3.005,110.64399999999999,255,100,2629,3054,9.888,62.72,0.6153
367,368,hfd28 ep1 tip.tif  (red) thresh.tif,3251,1405.9820000000002,3034.179,433.17900000000003,1360,3002,98,56,87.021,47.567,2.511,103.47,255,100,1360,3054,23.344,54.748000000000005,0.5924
